,,합계금액,공급가액,세액,,,,,
,휴먼합계,"6,621,938,908","6,020,722,571","601,216,337",,,,,
매입계산서,,,,,,,,,
주식회사 휴먼엠에스,,,,,,,,,
작성일자,상호,합계금액,공급가액,세액,품목비고,,,,
2017-03-15,(주)아마존카,"251,200","228,364","22,836",승계수수료,,,,
2017-03-27,(주)아마존카,"-79,317","-72,107","-7,210",37회차 대여료,,,,
2017-03-27,(주)아마존카,"295,650","268,773","26,877",37회차 대여료,,,,
2017-04-06,초월피복,"1,064,800","968,000","96,800",안전모 안전조끼,,,,
2017-04-10,초월피복,"193,600","176,000","17,600",안전모,,,,
2017-04-10,초월피복,"985,600","896,000","89,600",안전모,,,,
2017-04-10,초월피복,"-1,064,800","-968,000","-96,800",안전모 안전조끼,,,,
2017-04-10,（주）아웃소싱화인,"11,880,000","10,800,000","1,080,000",외주용역비,,,,
2017-04-11,（주）아웃소싱화인,"825,000","750,000","75,000",외주용역비,,,,
2017-04-15,(주)아마존카,"282,847","257,134","25,713",38회차 대여료,,,,
2017-04-24,(주) 어배인,"7,832,000","7,120,000","712,000",,,,,
2017-05-15,(주)아마존카,"446,600","406,000","40,600",39회차 대여료,,,,
2017-06-15,(주)아마존카,"446,600","406,000","40,600",40회차 대여료,,,,
2017-06-30,법무법인 정론 서초분사무소,"111,000","100,910","10,090",수수료,,,,
2017-07-15,(주)아마존카,"446,600","406,000","40,600",41회차 대여료,,,,
2017-08-15,(주)아마존카,"446,600","406,000","40,600",42회차 대여료,,,,
2017-09-15,(주)아마존카,"446,600","406,000","40,600",43회차 대여료,,,,
2017-09-28,잡코리아 유한책임회사,"12,100","11,000","1,100",알바몬 유료 서비스,,,,
2017-09-29,잡코리아 유한책임회사,"162,400","147,636","14,764",알바몬 유료 서비스,,,,
2017-10-15,(주)아마존카,"446,600","406,000","40,600",44회차 대여료,,,,
2017-10-17,잡코리아 유한책임회사,"338,000","307,273","30,727",알바몬 유료 서비스,,,,
2017-10-18,잡코리아 유한책임회사,"162,400","147,636","14,764",알바몬 유료 서비스,,,,
2017-11-15,(주)아마존카,"446,600","406,000","40,600",45회차 대여료,,,,
2017-11-30,S.O.M 서비스(ShareOne'sMan services),"22,000,000","20,000,000","2,000,000",일용비,,,,
2017-12-15,(주)아마존카,"446,600","406,000","40,600",46회차 대여료,2017년,,,
2017-12-20,잡코리아 유한책임회사,"-217,000","-197,273","-19,727",[알바몬] 유료서비스,합계금액,공급가액,세액,
2017-12-20,잡코리아 유한책임회사,"-78,200","-71,091","-7,109",[알바몬] 유료서비스,"48,530,080","44,118,255","4,411,825",
2018-01-11,조은커뮤니케이션,"27,500","25,000","2,500",프린터임대료,,,,
2018-01-15,(주)아마존카,"446,600","406,000","40,600",47회차 대여료,,,,
2018-02-06,성주이씨판윤공종회（가든타워 지점）,"550,000","500,000","50,000",임대료,,,,
2018-02-11,조은커뮤니케이션,"27,500","25,000","2,500",프린터임대료,,,,
2018-02-12,(주)코스콤,"55,000","50,000","5,000",공인인증서발급,,,,
2018-02-15,(주)아마존카,"446,600","406,000","40,600",48회차 대여료,,,,
2018-03-06,성주이씨판윤공종회（가든타워 지점）,"550,000","500,000","50,000",임대료,,,,
2018-03-09,피씨엔진,"660,000","600,000","60,000","중고 모니터, PC",,,,
2018-03-12,조은커뮤니케이션,"27,500","25,000","2,500",프린터임대료,,,,
2018-03-27,(주)아마존카,"610,353","554,866","55,487",49회차 대여료,,,,
2018-03-28,하랑엠에스,"10,000","9,091",909,일용비,,,,
2018-04-06,성주이씨판윤공종회（가든타워 지점）,"550,000","500,000","50,000",임대료,,,,
2018-04-11,조은커뮤니케이션,"27,500","25,000","2,500",프린터임대료,,,,
2018-04-15,(주)아마존카,"247,000","224,545","22,455",50회차 대여료,,,,
4/17/2018,잡코리아 유한책임회사,"7,700","7,000",700,알바몬 유료 서비스,,,,
4/26/2018,잡코리아 유한책임회사,"7,700","7,000",700,알바몬 유료 서비스,,,,
4/28/2018,(주)미디어윌네트웍스,"11,000","10,000","1,000",구인광고,,,,
2018-04-30,하랑엠에스,"5,500,000","5,000,000","500,000",일용비,,,,
2018-04-30,하랑엠에스,"33,000,000","30,000,000","3,000,000",일용비,,,,
2018-05-11,조은커뮤니케이션,"27,500","25,000","2,500",프린터임대료,,,,
2018-05-12,잡코리아 유한책임회사,"7,700","7,000",700,알바몬 유료 서비스,,,,
2018-05-13,잡코리아 유한책임회사,"12,100","11,000","1,100",알바몬 유료 서비스,,,,
2018-05-15,(주)아마존카,"390,000","354,545","35,455",51회차 대여료,,,,
2018-05-24,(주)미디어윌네트웍스,"12,100","11,000","1,100",구인광고,,,,
2018-05-31,S.O.M 서비스(ShareOne'sMan services),"6,600,000","6,000,000","600,000",일용비,,,,
2018-05-31,하랑엠에스,"4,950,000","4,500,000","450,000",일용비,,,,
2018-06-01,성주이씨판윤공종회（가든타워 지점）,"550,000","500,000","50,000",임대료,,,,
2018-06-06,성주이씨판윤공종회（가든타워 지점）,"550,000","500,000","50,000",임대료,,,,
2018-06-11,조은커뮤니케이션,"27,500","25,000","2,500",프린터임대료,,,,
2018-06-15,(주)아마존카,"390,000","354,545","35,455",52회차 대여료,,,,
2018-07-11,조은커뮤니케이션,"27,500","25,000","2,500",프린터임대료,,,,
2018-07-15,(주)아마존카,"390,000","354,545","35,455",53회차 대여료,,,,
2018-08-01,성주이씨판윤공종회（가든타워 지점）,"550,000","500,000","50,000",임대료,,,,
2018-08-13,조은커뮤니케이션,"27,500","25,000","2,500",프린터임대료,,,,
2018-08-15,(주)아마존카,"390,000","354,545","35,455",54회차 대여료,,,,
2018-08-31,S.O.M 서비스(ShareOne'sMan services),"33,000,000","30,000,000","3,000,000",일용비(미성),,,,
2018-08-31,S.O.M 서비스(ShareOne'sMan services),"9,615,760","8,741,600","874,160",일용비(한성),,,,
2018-08-31,S.O.M 서비스(ShareOne'sMan services),"28,411,726","25,828,842","2,582,884",일용비(두잉),,,,
2018-08-31,S.O.M 서비스(ShareOne'sMan services),"17,498,063","15,907,330","1,590,733",일용비(티마크),,,,
2018-08-31,S.O.M 서비스(ShareOne'sMan services),"21,840,500","19,855,000","1,985,500",일용비(파라다이스),,,,
2018-08-31,S.O.M 서비스(ShareOne'sMan services),"16,830,000","15,300,000","1,530,000",일용비(시그니엘),,,,
2018-09-01,성주이씨판윤공종회（가든타워 지점）,"550,000","500,000","50,000",임대료,,,,
2018-09-06,성주이씨판윤공종회（가든타워 지점）,"550,000","500,000","50,000",임대료,,,,
2018-09-11,조은커뮤니케이션,"27,500","25,000","2,500",프린터임대료,,,,
2018-09-15,(주)아마존카,"390,000","354,545","35,455",55회차 대여료,,,,
2018-10-06,성주이씨판윤공종회（가든타워 지점）,"550,000","500,000","50,000",임대료,,,,
2018-10-11,조은커뮤니케이션,"27,500","25,000","2,500",프린터임대료,,,,
2018-10-15,(주)아마존카,"390,000","354,545","35,455",56회차 대여료,,,,
2018-11-01,하나캐피탈(주),"349,030","317,300","31,730",렌터카 대여료( 23호7475 ),,,,
2018-11-09,조은커뮤니케이션,"27,500","25,000","2,500",프린터임대료,,,,
2018-11-15,(주)아마존카,"390,000","354,545","35,455",57회차 대여료,,,,
2018-11-17,홍익세무회계사무소,"220,000","200,000","20,000",기장료,,,,
2018-11-30,홍익세무회계사무소,"220,000","200,000","20,000",기장료,,,,
2018-12-01,성주이씨판윤공종회（가든타워 지점）,"550,000","500,000","50,000",임대료,,,,
2018-12-03,하나캐피탈(주),"349,030","317,300","31,730",렌터카 대여료( 23호7475 ),,,,
2018-12-06,성주이씨판윤공종회（가든타워 지점）,"550,000","500,000","50,000",임대료,,,,
2018-12-11,조은커뮤니케이션,"27,500","25,000","2,500",프린터임대료,2018년,,,
2018-12-15,(주)아마존카,"390,000","354,545","35,455",58회차 대여료,합계금액,공급가액,세액,
2018-12-31,홍익세무회계사무소,"220,000","200,000","20,000",기장료,"190,637,962","173,307,234","17,330,728",
2019-01-02,하나캐피탈(주),"349,030","317,300","31,730",렌터카 대여료( 23호7475 ),,,,
2019-01-11,조은커뮤니케이션,"27,500","25,000","2,500",프린터임대료,,,,
2019-01-15,(주)아마존카,"390,000","354,545","35,455",59회차 대여료,,,,
2019-01-31,홍익세무회계사무소,"220,000","200,000","20,000",기장료,,,,
2019-02-01,하나캐피탈(주),"349,030","317,300","31,730",렌터카 대여료( 23호7475 ),,,,
2019-02-06,성주이씨판윤공종회（가든타워 지점）,"550,000","500,000","50,000",임대료,,,,
2019-02-11,조은커뮤니케이션,"27,500","25,000","2,500",프린터임대료,,,,
2019-02-11,좋은사람들,"-18,700,000","-17,000,000","-1,700,000",일용비,,,,
2019-02-11,좋은사람들,"18,700,000","17,000,000","1,700,000",일용비,,,,
2019-02-15,(주)아마존카,"390,000","354,545","35,455",60회차 대여료,,,,
2019-02-18,NICE평가정보(주),"385,000","350,000","35,000",기업신용평가,,,,
2019-02-28,홍익세무회계사무소,"220,000","200,000","20,000",기장료,,,,
2019-03-04,하나캐피탈(주),"349,030","317,300","31,730",렌터카 대여료( 23호7475 ),,,,
2019-03-11,조은커뮤니케이션,"27,500","25,000","2,500",프린터임대료,,,,
2019-03-27,(주)아마존카,"533,000","484,545","48,455",61회차 대여료,,,,
2019-03-31,홍익세무회계사무소,"4,117,677","3,743,338","374,339",조정료,,,,
2019-03-31,홍익세무회계사무소,"220,000","200,000","20,000",기장료,,,,
2019-04-01,하나캐피탈(주),"349,030","317,300","31,730",렌터카 대여료( 23호7475 ),,,,
2019-04-01,성주이씨판윤공종회（가든타워 지점）,"550,000","500,000","50,000",임대료,,,,
2019-04-11,조은커뮤니케이션,"27,500","25,000","2,500",프린터임대료,,,,
2019-04-15,(주)아마존카,"215,270","195,700","19,570",62회차 대여료,,,,
2019-04-30,홍익세무회계사무소,"220,000","200,000","20,000",기장료,,,,
2019-05-01,성주이씨판윤공종회（가든타워 지점）,"550,000","500,000","50,000",임대료,,,,
2019-05-02,하나캐피탈(주),"349,030","317,300","31,730",렌터카 대여료( 23호7475 ),,,,
2019-05-06,성주이씨판윤공종회（가든타워 지점）,"550,000","500,000","50,000",임대료,,,,
2019-05-11,조은커뮤니케이션,"27,500","25,000","2,500",프린터임대료,,,,
2019-05-15,(주)아마존카,"339,900","309,000","30,900",63회차 대여료,,,,
2019-05-31,홍익세무회계사무소,"220,000","200,000","20,000",기장료,,,,
2019-06-03,하나캐피탈(주),"349,030","317,300","31,730",렌터카 대여료( 23호7475 ),,,,
2019-06-06,성주이씨판윤공종회（가든타워 지점）,"550,000","500,000","50,000",임대료,,,,
2019-06-11,조은커뮤니케이션,"27,500","25,000","2,500",프린터임대료,,,,
2019-06-11,법무사 양근형 사무소,"440,000","400,000","40,000",채권압류및추심명령,,,,
2019-06-15,(주)아마존카,"339,900","309,000","30,900",64회차 대여료,,,,
2019-06-30,홍익세무회계사무소,"220,000","200,000","20,000",기장료,,,,
2019-07-01,(주)휴먼엠에스,"349,030","317,300","31,730",렌터카 대여료( 23호7475 ),,,,
2019-07-10,(주)휴먼엠에스,"440,000","400,000","40,000",채권압류및추심,,,,
2019-07-11,(주)휴먼엠에스,"27,500","25,000","2,500",프린터임대료,,,,
2019-07-15,(주)휴먼엠에스,"339,900","309,000","30,900",65회차 대여료,,,,
2019-07-31,(주)휴먼엠에스,"220,000","200,000","20,000",기장료,,,,
2019-08-01,하나캐피탈(주),"349,030","317,300","31,730",렌터카 대여료( 23호7475 ),,,,
2019-08-06,성주이씨판윤공종회（가든타워 지점）,"550,000","500,000","50,000",임대료,,,,
2019-08-11,조은커뮤니케이션,"27,500","25,000","2,500",프린터임대료,,,,
2019-08-15,(주)아마존카,"339,900","309,000","30,900",66회차 대여료,,,,
2019-08-31,홍익세무회계사무소,"220,000","200,000","20,000",기장료,,,,
2019-09-02,하나캐피탈(주),"349,030","317,300","31,730",렌터카 대여료( 23호7475 ),,,,
2019-09-06,성주이씨판윤공종회（가든타워 지점）,"550,000","500,000","50,000",임대료,,,,
2019-09-11,조은커뮤니케이션,"27,500","25,000","2,500",프린터임대료,,,,
2019-09-15,(주)아마존카,"339,900","309,000","30,900",67회차 대여료,,,,
2019-09-30,홍익세무회계사무소,"220,000","200,000","20,000",기장료,,,,
2019-10-01,하나캐피탈(주),"349,030","317,300","31,730",렌터카 대여료( 23호7475 ),,,,
2019-10-01,제이디자인,"108,300,000","98,454,545","9,845,455",용역비,,,,
2019-10-06,성주이씨판윤공종회（가든타워 지점）,"550,000","500,000","50,000",임대료,,,,
2019-10-11,조은커뮤니케이션,"27,500","25,000","2,500",프린터임대료,,,,
2019-10-15,(주)아마존카,"339,900","309,000","30,900",68회차 대여료,,,,
2019-10-28,(주)피씨블로그,"1,066,920","969,927","96,993",컴퓨터및 주변기기,,,,
2019-10-31,홍익세무회계사무소,"220,000","200,000","20,000",기장료,,,,
2019-11-01,하나캐피탈(주),"349,030","317,300","31,730",렌터카 대여료( 23호7475 ),,,,
11월 05일,월드자동차공업사,"189,200","172,000","17,200",밧데리교환,수기전표,,,
2019-11-11,조은커뮤니케이션,"27,500","25,000","2,500",프린터임대료,,,,
2019-11-15,(주)아마존카,"339,900","309,000","30,900",69회차 대여료,,,,
2019-11-30,홍익세무회계사무소,"220,000","200,000","20,000",기장료,,,,
2019-12-01,성주이씨판윤공종회（가든타워 지점）,"550,000","500,000","50,000",임대료,,,,
2019-12-02,하나캐피탈(주),"349,030","317,300","31,730",렌터카 대여료( 23호7475 ),,,,
2019-12-06,성주이씨판윤공종회（가든타워 지점）,"550,000","500,000","50,000",임대료,,,,
2019-12-11,조은커뮤니케이션,"27,500","25,000","2,500",프린터임대료,,,,
2019-12-15,(주)아마존카,"339,900","309,000","30,900",70회차 대여료,2019년,,,
2019-12-31,홍익세무회계사무소,"220,000","200,000","20,000",기장료,합계금액,공급가액,세액,
2019-12-31,주식회사 누리서비스,"247,578,000","225,070,909","22,507,091",일용비,"379,422,627","344,929,654","34,492,973",
2020-01-02,하나캐피탈(주),"349,030","317,300","31,730",렌터카 대여료( 23호7475 ),,,,
2020-01-06,성주이씨판윤공종회（가든타워 지점）,"550,000","500,000","50,000",임대료,,,,
2020-01-11,조은커뮤니케이션,"27,500","25,000","2,500",프린터임대료,,,,
2020-01-15,(주)아마존카,"339,900","309,000","30,900",71회차 대여료,,,,
2020-01-31,홍익세무회계사무소,"220,000","200,000","20,000",기장료,,,,
2020-01-31,주식회사 누리서비스,"201,840,120","183,491,019","18,349,101",일용비,,,,
2020-02-03,하나캐피탈(주),"349,030","317,300","31,730",렌터카 대여료( 23호7475 ),,,,
2020-02-05,법무사 양근형 사무소,"539,000","490,000","49,000",법무사수수료,,,,
2020-02-06,성주이씨판윤공종회（가든타워 지점）,"550,000","500,000","50,000",임대료,,,,
2020-02-10,좋은사람들,"-271,794,380","-247,085,800","-24,708,580",인력공급,,,,
2020-02-10,좋은사람들,"271,794,380","247,085,800","24,708,580",인력공급,,,,
2020-02-11,조은커뮤니케이션,"27,500","25,000","2,500",프린터임대료,,,,
2020-02-15,(주)아마존카,"339,900","309,000","30,900",72회차 대여료,,수기전표,,
2020-02-28,홍익세무회계사무소,"220,000","200,000","20,000",기장료,,수기전표,,
2020-03-02,하나캐피탈(주),"349,030","317,300","31,730",렌터카 대여료( 23호7475 ),,,,
2020-03-06,성주이씨판윤공종회（가든타워 지점）,"550,000","500,000","50,000",임대료,,,,
2020-03-10,세이프 코리아,"1,529,000","1,390,000","139,000",경비용분사기sos404,,,,
2020-03-11,조은커뮤니케이션,"27,500","25,000","2,500",프린터임대료,,,,
2020-03-15,(주)아마존카,"339,900","309,000","30,900",73회차 대여료,,,,
2020-03-16,법무사 양근형 사무소,"110,000","100,000","10,000",법무사수수료,,,,
2020-03-27,(주)아마존카,"124,630","113,300","11,330",74회차 대여료,,,,
2020-03-31,(주)컴퓨존,"512,120","465,564","46,556",[컴퓨존] 사무용추천PC_R002 (R3/내장그래픽) ▶... 외,,,,
2020-03-31,홍익세무회계사무소,"4,224,394","3,840,358","384,036",조정료,,,,
2020-03-31,홍익세무회계사무소,"220,000","200,000","20,000",기장료,,,,
2020-04-01,하나캐피탈(주),"349,030","317,300","31,730",렌터카 대여료( 23호7475 ),,,,
2020-04-11,조은커뮤니케이션,"27,500","25,000","2,500",프린터임대료,,,,
2020-04-30,홍익세무회계사무소,"220,000","200,000","20,000",기장료,,,,
2020-05-01,성주이씨판윤공종회（가든타워 지점）,"550,000","500,000","50,000",임대료,,,,
2020-05-04,하나캐피탈(주),"349,030","317,300","31,730",렌터카 대여료( 23호7475 ),,,,
2020-05-06,성주이씨판윤공종회（가든타워 지점）,"550,000","500,000","50,000",임대료,,,,
2020-05-11,조은커뮤니케이션,"27,500","25,000","2,500",프린터임대료,,,,
2020-05-31,홍익세무회계사무소,"220,000","200,000","20,000",기장료,,,,
2020-06-01,하나캐피탈(주),"349,030","317,300","31,730",렌터카 대여료( 23호7475 ),,,,
2020-06-06,성주이씨판윤공종회（가든타워 지점）,"550,000","500,000","50,000",임대료,,,,
2020-06-11,조은커뮤니케이션,"27,500","25,000","2,500",프린터임대료,,,,
2020-06-18,동해 종합상사,"1,091,750","992,500","99,250",차량진입판외,,,,
2020-06-30,홍익세무회계사무소,"220,000","200,000","20,000",기장료,,,,
2020-06-30,주식회사 제이디종합관리,"12,850,000","11,681,818","1,168,182",뚝도아리수정수센터 외벽청소(상반기),,,,
2020-07-01,하나캐피탈(주),"349,030","317,300","31,730",렌터카 대여료( 23호7475 ),,,,
2020-07-06,성주이씨판윤공종회（가든타워 지점）,"550,000","500,000","50,000",임대료,,,,
2020-07-11,조은커뮤니케이션,"27,500","25,000","2,500",프린터임대료,,,,
2020-07-15,비엔케이캐피탈(주),"567,400","515,818","51,582",장기차량렌탈↕Long-Term Vehicle,,,,
2020-07-31,홍익세무회계사무소,"220,000","200,000","20,000",기장료,,,,
2020-08-03,하나캐피탈(주),"349,030","317,300","31,730",렌터카 대여료( 23호7475 ),,,,
2020-08-06,성주이씨판윤공종회（가든타워 지점）,"550,000","500,000","50,000",임대료,,,,
2020-08-11,조은커뮤니케이션,"27,500","25,000","2,500",프린터임대료,,,,
2020-08-15,비엔케이캐피탈(주),"567,400","515,818","51,582",장기차량렌탈↕Long-Term Vehicle,,,,
2020-08-31,홍익세무회계사무소,"220,000","200,000","20,000",기장료,,,,
2020-09-01,하나캐피탈(주),"349,030","317,300","31,730",렌터카 대여료( 23호7475 ),,,,
2020-09-06,성주이씨판윤공종회（가든타워 지점）,"550,000","500,000","50,000",임대료,,,,
2020-09-11,조은커뮤니케이션,"27,500","25,000","2,500",프린터임대료,,,,
2020-09-15,비엔케이캐피탈(주),"567,400","515,818","51,582",장기차량렌탈↕Long-Term Vehicle,,,,
2020-09-30,홍익세무회계사무소,"220,000","200,000","20,000",기장료,,,,
2020-10-05,하나캐피탈(주),"349,030","317,300","31,730",렌터카 대여료( 23호7475 ),,,,
2020-10-06,성주이씨판윤공종회（가든타워 지점）,"550,000","500,000","50,000",임대료,,,,
2020-10-11,조은커뮤니케이션,"27,500","25,000","2,500",프린터임대료,,,,
2020-10-15,비엔케이캐피탈(주),"567,400","515,818","51,582",장기차량렌탈↕Long-Term Vehicle,,,,
2020-10-31,홍익세무회계사무소,"220,000","200,000","20,000",기장료,,,,
2020-11-02,하나캐피탈(주),"349,030","317,300","31,730",렌터카 대여료( 23호7475 ),,,,
2020-11-04,세무법인예람 서초지점,"2,200,000","2,000,000","200,000",세무컨설팅,,,,
2020-11-04,주식회사 인사이트옥션부동산중개법인,"220,000","200,000","20,000",계약금,,,,
2020-11-11,조은커뮤니케이션,"27,500","25,000","2,500",프린터임대료,,,,
2020-11-15,비엔케이캐피탈(주),"567,400","515,818","51,582",장기차량렌탈↕Long-Term Vehicle,,,,
2020-11-20,주식회사 누리서비스,"2,502,225","2,274,750","227,475",용역비,,,,
2020-11-30,홍익세무회계사무소,"220,000","200,000","20,000",기장료,,,,
2020-12-01,하나캐피탈(주),"349,030","317,300","31,730",렌터카 대여료( 23호7475 ),,,,
2020-12-01,성주이씨판윤공종회（가든타워 지점）,"550,000","500,000","50,000",임대료,,,,
2020-12-06,성주이씨판윤공종회（가든타워 지점）,"550,000","500,000","50,000",임대료,,,,
2020-12-07,(주)토마토세븐,"15,950,000","14,500,000","1,450,000",뚝도아리수 정수센터 건축물 외벽청소,,,,
2020-12-11,조은커뮤니케이션,"27,500","25,000","2,500",프린터임대료,2020년,,,
2020-12-15,비엔케이캐피탈(주),"567,400","515,818","51,582",장기차량렌탈↕Long-Term Vehicle,합계금액,공급가액,세액,
2020-12-31,홍익세무회계사무소,"220,000","200,000","20,000",기장료,"261,875,699","238,068,817","23,806,882",
2021-01-04,하나캐피탈(주),"349,030","317,300","31,730",렌터카 대여료( 23호7475 ),,,,
2021-01-11,조은커뮤니케이션,"27,500","25,000","2,500",프린터임대료,,,,
2021-01-15,비엔케이캐피탈(주),"567,400","515,818","51,582",장기차량렌탈↕Long-Term Vehicle,,,,
2021-01-31,홍익세무회계사무소,"220,000","200,000","20,000",기장료,,,,
2021-02-01,하나캐피탈(주),"349,030","317,300","31,730",렌터카 대여료( 23호7475 ),,,,
2021-02-01,성주이씨판윤공종회（가든타워 지점）,"550,000","500,000","50,000",임대료,,,,
2021-02-11,조은커뮤니케이션,"27,500","25,000","2,500",프린터임대료,,,,
2021-02-15,비엔케이캐피탈(주),"567,400","515,818","51,582",장기차량렌탈↕Long-Term Vehicle,,,,
2021-02-28,홍익세무회계사무소,"220,000","200,000","20,000",기장료,,,,
2021-03-01,성주이씨판윤공종회（가든타워 지점）,"550,000","500,000","50,000",임대료,,,,
2021-03-02,하나캐피탈(주),"349,030","317,300","31,730",렌터카 대여료( 23호7475 ),,,,
2021-03-06,성주이씨판윤공종회（가든타워 지점）,"550,000","500,000","50,000",임대료,,,,
2021-03-11,조은커뮤니케이션,"27,500","25,000","2,500",프린터임대료,,,,
2021-03-15,비엔케이캐피탈(주),"567,400","515,818","51,582",장기차량렌탈↕Long-Term Vehicle,,,,
2021-03-31,홍익세무회계사무소,"4,239,864","3,854,421","385,443",조정료,,,,
2021-03-31,홍익세무회계사무소,"220,000","200,000","20,000",기장료,,,,
2021-04-01,하나캐피탈(주),"349,030","317,300","31,730",렌터카 대여료( 23호7475 ),,,,
2021-04-11,조은커뮤니케이션,"27,500","25,000","2,500",프린터임대료,,,,
2021-04-15,비엔케이캐피탈(주),"567,400","515,818","51,582",장기차량렌탈↕Long-Term Vehicle,,,,
2021-04-20,주식회사 누리서비스,"285,624,845","259,658,950","25,965,895",4월 용역비,,,,
2021-04-30,홍익세무회계사무소,"220,000","200,000","20,000",기장료,,,,
2021-05-01,성주이씨판윤공종회（가든타워 지점）,"550,000","500,000","50,000",임대료,,,,
2021-05-03,하나캐피탈(주),"349,030","317,300","31,730",렌터카 대여료( 23호7475 ),,,,
2021-05-06,성주이씨판윤공종회（가든타워 지점）,"550,000","500,000","50,000",임대료,,,,
2021-05-11,조은커뮤니케이션,"27,500","25,000","2,500",프린터임대료,,,,
2021-05-15,비엔케이캐피탈(주),"567,400","515,818","51,582",장기차량렌탈↕Long-Term Vehicle,,,,
2021-05-31,홍익세무회계사무소,"220,000","200,000","20,000",기장료,,,,
2021-06-01,하나캐피탈(주),"349,030","317,300","31,730",렌터카 대여료( 23호7475 ),,,,
2021-06-02,(주)미디어윌네트웍스,"1,232,000","1,120,000","112,000",알바천국 구인광고,,,,
2021-06-05,잡코리아 유한책임회사,"18,700","17,000","1,700",알바몬 유료 서비스,,,,
2021-06-08,잡코리아 유한책임회사,"18,700","17,000","1,700",알바몬 유료 서비스,,,,
2021-06-08,성주이씨판윤공종회（가든타워 지점）,"550,000","500,000","50,000",임대료,,,,
2021-06-11,조은커뮤니케이션,"27,500","25,000","2,500",프린터임대료,,,,
2021-06-14,잡코리아 유한책임회사,"18,700","17,000","1,700",알바몬 유료 서비스,,,,
2021-06-15,비엔케이캐피탈(주),"567,400","515,818","51,582",장기차량렌탈↕Long-Term Vehicle,,,,
2021-06-30,홍익세무회계사무소,"220,000","200,000","20,000",기장료,,,,
2021-07-01,하나캐피탈(주),"349,030","317,300","31,730",렌터카 대여료( 23호7475 ),,,,
2021-07-06,(주)대호통상,"2,771,230","2,519,300","251,930",라바콘 녹색 외 5건,,,,
2021-07-06,하나캐피탈(주),"-349,030","-317,300","-31,730",렌터카 대여료( 23호7475 ),,,,
2021-07-06,하나캐피탈(주),"104,710","95,191","9,519",렌터카 대여료( 23호7475 ),,,,
2021-07-06,성주이씨판윤공종회（가든타워 지점）,"550,000","500,000","50,000",임대료,,,,
2021-07-11,조은커뮤니케이션,"27,500","25,000","2,500",프린터임대료,,,,
2021-07-15,비엔케이캐피탈(주),"567,400","515,818","51,582",장기차량렌탈↕Long-Term Vehicle,,,,
2021-07-15,(주)아마존카,"246,693","224,266","22,427",1회차 대여료-160하5143 니로,,,,
2021-07-16,(주)대호통상,"174,800","158,909","15,891",칼라콘용 주차금지커버,,,,
2021-07-16,(주)대호통상,"190,000","172,727","17,273",칼라콘용 주차금지커버,,,,
2021-07-16,(주)대호통상,"-190,000","-172,727","-17,273",칼라콘용 주차금지커버,,,,
7/31/2021,홍익세무회계사무소,"220,000","200,000","20,000",기장료,,,,
8/6/2021,성주이씨판윤공종회（가든타워 지점）,"550,000","500,000","50,000",임대료,,,,
8/11/2021,조은커뮤니케이션,"27,500","25,000","2,500",프린터임대료,,,,
8/11/2021,주식회사 쓰리케이스컴퍼니(파주야당지점),"1,320,000","1,200,000","120,000",자동차 렌트료-강남세브,,,,
8/15/2021,(주)아마존카,"462,550","420,500","42,050",2회차 대여료-160하5143 니로,,,,
8/15/2021,비엔케이캐피탈(주),"567,400","515,818","51,582",장기차량렌탈↕Long-Term Vehicle,,,,
2021-08-26,잡코리아 유한책임회사,"1,496,000","1,360,000","136,000",[알바몬] 유료 서비스,,,,
2021-08-26,(주)미디어윌네트웍스,"704,000","640,000","64,000",알바천국 구인광고,,,,
2021-08-26,(주)미디어윌네트웍스,"1,485,000","1,350,000","135,000",알바천국 구인광고,,,,
2021-08-31,홍익세무회계사무소,"220,000","200,000","20,000",기장료,,,,
9/6/2021,성주이씨판윤공종회（가든타워 지점）,"550,000","500,000","50,000",임대료,,,,
2021-09-11,조은커뮤니케이션,"27,500","25,000","2,500",프린터임대료,,,,
2021-09-15,비엔케이캐피탈(주),"567,400","515,818","51,582",장기차량렌탈↕Long-Term Vehicle,,,,
2021-09-15,(주)아마존카,"462,550","420,500","42,050",3회차 대여료-160하5143 니로,,,,
2021-09-30,서림세무법인 홍익지사,"220,000","200,000","20,000",기장료,,,,
2021-10-01,잡코리아 유한책임회사,"2,618,000","2,380,000","238,000",[알바몬] 계약매출,,,,
2021-10-03,잡코리아 유한책임회사,"31,000","28,182","2,818",알바몬 유료 서비스,,,,
2021-10-11,조은커뮤니케이션,"27,500","25,000","2,500",프린터임대료,,,,
2021-10-13,잡코리아 유한책임회사,"62,000","56,364","5,636",알바몬 유료 서비스,,,,
2021-10-15,비엔케이캐피탈(주),"567,400","515,818","51,582",장기차량렌탈↕Long-Term Vehicle,,,,
2021-10-15,(주)아마존카,"462,550","420,500","42,050",4회차 대여료-160하5143 니로,,,,
2021-10-19,잡코리아 유한책임회사,"63,800","58,000","5,800",[알바몬] 유료 서비스,,,,
2021-10-23,잡코리아 유한책임회사,"63,800","58,000","5,800",알바몬 유료 서비스,,,,
2021-10-25,주식회사 누리서비스,"175,533,600","159,576,000","15,957,600",10월 용역비,,,,
10/31/2021,서림세무법인 홍익지사,"220,000","200,000","20,000",기장료,,,,
11/1/2021,잡코리아 유한책임회사,"59,800","54,364","5,436",[알바몬] 유료 서비스,,,,
11/1/2021,성주이씨판윤공종회（가든타워 지점）,"550,000","500,000","50,000",임대료,,,,
11/6/2021,성주이씨판윤공종회（가든타워 지점）,"550,000","500,000","50,000",임대료,,,,
11/11/2021,조은커뮤니케이션,"27,500","25,000","2,500",프린터임대료,,,,
2021-11-15,비엔케이캐피탈(주),"567,400","515,818","51,582",장기차량렌탈↕Long-Term Vehicle,,,,
2021-11-15,(주)아마존카,"462,550","420,500","42,050",5회차 대여료-160하5143 니로,,,,
2021-11-16,(주)미디어윌네트웍스,"30,060","27,328","2,732",알바천국 구인광고,,,,
11/30/2021,서림세무법인 홍익지사,"220,000","200,000","20,000",기장료,,,,
11/30/2021,주식회사 누리서비스,"182,403,760","165,821,600","16,582,160",11월 용역비,,,,
12/1/2021,잡코리아 유한책임회사,"2,618,000","2,380,000","238,000",[알바몬] 계약매출,,,,
12/1/2021,잡코리아 유한책임회사,"60,800","55,273","5,527",[알바몬] 유료 서비스,,,,
12/6/2021,성주이씨판윤공종회（가든타워 지점）,"550,000","500,000","50,000",임대료,,,,
12/11/2021,조은커뮤니케이션,"27,500","25,000","2,500",프린터임대료,,,,
12/15/2021,비엔케이캐피탈(주),"567,400","515,818","51,582",장기차량렌탈↕Long-Term Vehicle,,,,
12/15/2021,(주)아마존카,"462,550","420,500","42,050",6회차 대여료-160하5143 니로,2021년,,,
12/30/2021,잡코리아 유한책임회사,"60,800","55,273","5,527",[알바몬] 유료 서비스,합계금액,공급가액,세액,
12/31/2021,서림세무법인 홍익지사,"220,000","200,000","20,000",기장료,"683,846,392","621,678,537","62,167,855",
2022-01-06,성주이씨판윤공종회（가든타워 지점）,"550,000","500,000","50,000",임대료,,,,
2022-01-11,조은커뮤니케이션,"27,500","25,000","2,500",프린터임대료,,,,
2022-01-15,비엔케이캐피탈(주),"567,400","515,818","51,582",장기차량렌탈↕Long-Term Vehicle [163호4224],,,,
2022-01-15,(주)아마존카,"462,550","420,500","42,050",7회차 대여료-160하5143 니로,,,,
2022-01-28,잡코리아 유한책임회사,"60,800","55,273","5,527",[알바몬] 유료 서비스,,,,
2022-01-28,(주)미디어윌네트웍스,"29,000","26,364","2,636",알바천국 구인광고,,,,
2022-01-31,서림세무법인 홍익지사,"220,000","200,000","20,000",기장료,,,,
2022-02-05,(주)코스콤,"55,000","50,000","5,000",인증서발급,,,,
2022-02-06,성주이씨판윤공종회（가든타워 지점）,"550,000","500,000","50,000",임대료,,,,
2022-02-07,잡코리아 유한책임회사,"4,004,000","3,640,000","364,000",[알바몬] 계약매출,,,,
2022-02-11,조은커뮤니케이션,"27,500","25,000","2,500",프린터임대료,,,,
2022-02-15,비엔케이캐피탈(주),"567,400","515,818","51,582",장기차량렌탈↕Long-Term Vehicle [163호4224],,,,
2022-02-15,(주)아마존카,"462,550","420,500","42,050",8회차 대여료-160하5143 니로,,,,
2/21/2022,주식회사 프린트시티,"36,000","32,727","3,273",인쇄물,,,,
2022-02-24,잡코리아 유한책임회사,"60,800","55,273","5,527",[알바몬] 유료 서비스,,,,
2022-02-26,(주)미디어윌네트웍스,"77,940","70,855","7,085",알바천국 구인광고,,,,
2022-02-28,서림세무법인 홍익지사,"220,000","200,000","20,000",기장료,,,,
2022-02-28,주식회사 프린트시티,"19,000","17,273","1,727",인쇄물,,,,
2022-03-06,성주이씨판윤공종회（가든타워 지점）,"550,000","500,000","50,000",임대료,,,,
2022-03-07,(주)미디어윌네트웍스,"38,970","35,428","3,542",알바천국 구인광고,,,,
2022-03-08,(주)미디어윌네트웍스,"1,346,400","1,224,000","122,400",알바천국 구인광고,,,,
2022-03-10,(주)미디어윌네트웍스,"77,940","70,855","7,085",알바천국 구인광고,,,,
2022-03-11,조은커뮤니케이션,"27,500","25,000","2,500",프린터임대료,,,,
2022-03-13,잡코리아 유한책임회사,"63,800","58,000","5,800",알바몬 유료 서비스,,,,
2022-03-15,비엔케이캐피탈(주),"567,400","515,818","51,582",장기차량렌탈↕Long-Term Vehicle [163호4224],,,,
2022-03-15,(주)아마존카,"462,550","420,500","42,050",9회차 대여료-160하5143 니로,,,,
2022-03-20,잡코리아 유한책임회사,"90,800","82,545","8,255",알바몬 유료 서비스,,,,
2022-03-22,크린라인（CleanLine）,"880,000","800,000","80,000",습식청소장비외,,,,
2022-03-25,케이에스비드(KSBID),"562,650","511,500","51,150",낙찰수수료,,,,
2022-03-25,케이에스비드(KSBID),"1,220,010","1,109,100","110,910",낙찰수수료,,,,
2022-03-31,서림세무법인 홍익지사,"4,742,782","4,311,620","431,162",법인조정료수수료,,,,
2022-03-31,서림세무법인 홍익지사,"220,000","200,000","20,000",기장료,,,,
4/6/2022,성주이씨판윤공종회（가든타워 지점）,"550,000","500,000","50,000",임대료,,,,
2022-04-11,조은커뮤니케이션,"27,500","25,000","2,500",프린터임대료,,,,
2022-04-15,비엔케이캐피탈(주),"567,400","515,818","51,582",장기차량렌탈↕Long-Term Vehicle [163호4224],,,,
2022-04-15,(주)아마존카,"462,550","420,500","42,050",10회차 대여료-160하5143 니로,,,,
4/21/2022,(주)미디어윌네트웍스,"38,970","35,428","3,542",알바천국 구인광고,,,,
4/29/2022,주식회사 누리서비스,"441,848,000","401,680,000","40,168,000",4월 아르바이트,,,,
4/30/2022,서림세무법인 홍익지사,"220,000","200,000","20,000",기장료,,,,
2022-05-10,법무사 양근형 사무소,"770,000","700,000","70,000",수수료,,,,
2022-05-11,잡코리아 유한책임회사,"191,400","174,000","17,400",[알바몬] 유료 서비스,,,,
2022-05-11,조은커뮤니케이션,"27,500","25,000","2,500",프린터임대료,,,,
2022-05-15,비엔케이캐피탈(주),"567,400","515,818","51,582",장기차량렌탈↕Long-Term Vehicle [163호4224],,,,
2022-05-15,(주)아마존카,"462,550","420,500","42,050",11회차 대여료-160하5143 니로,,,,
5/20/2022,잡코리아 유한책임회사,"60,800","55,273","5,527",[알바몬] 유료 서비스,,,,
5/24/2022,잡코리아 유한책임회사,"2,926,000","2,660,000","266,000",[알바몬] 계약매출,,,,
5/31/2022,서림세무법인 홍익지사,"220,000","200,000","20,000",기장료,,,,
2022-06-01,성주이씨판윤공종회（가든타워 지점）,"550,000","500,000","50,000",임대료,,,,
2022-06-02,잡코리아 유한책임회사,"60,800","55,273","5,527",[알바몬] 유료 서비스,,,,
2022-06-02,잡코리아 유한책임회사,"60,800","55,273","5,527",[알바몬] 유료 서비스,,,,
2022-06-06,성주이씨판윤공종회（가든타워 지점）,"550,000","500,000","50,000",임대료,,,,
2022-06-08,잡코리아 유한책임회사,"382,800","348,000","34,800",[알바몬] 유료 서비스,,,,
2022-06-11,조은커뮤니케이션,"27,500","25,000","2,500",프린터임대료,,,,
2022-06-15,잡코리아 유한책임회사,"2,926,000","2,660,000","266,000",[알바몬] 계약매출,,,,
2022-06-15,비엔케이캐피탈(주),"567,400","515,818","51,582",장기차량렌탈↕Long-Term Vehicle [163호4224],,,,
2022-06-15,(주)아마존카,"462,550","420,500","42,050",12회차 대여료-160하5143 니로,,,,
2022-06-20,김지영,"1,100,000","1,000,000","100,000","22년 5월,6월임대료",,,,
6/30/2022,서림세무법인 홍익지사,"220,000","200,000","20,000",기장료,,,,
7/6/2022,성주이씨판윤공종회（가든타워 지점）,"550,000","500,000","50,000",임대료,,,,
2022-07-11,조은커뮤니케이션,"27,500","25,000","2,500",프린터임대료,,,,
2022-07-12,잡코리아 유한책임회사,"3,806,000","3,460,000","346,000",[알바몬] 계약매출,,,,
2022-07-15,비엔케이캐피탈(주),"567,400","515,818","51,582",장기차량렌탈↕Long-Term Vehicle [163호4224],,,,
2022-07-15,(주)아마존카,"462,550","420,500","42,050",13회차 대여료-160하5143 니로,,,,
2022-07-17,김지영,"550,000","500,000","50,000",22년 7월임대료,,,,
2022-07-19,잡코리아 유한책임회사,"60,800","55,273","5,527",[알바몬] 유료 서비스,,,,
2022-07-19,스테이션615,"118,940","108,127","10,813",1302호 관리비(6월사용분),,,,
2022-07-29,（주）도도렌트카,"836,000","760,000","76,000",차량대여료,,,,
7/30/2022,디에이치 안전,"2,887,500","2,625,000","262,500",사무용비품,,,,
2022-07-31,서림세무법인 홍익지사,"220,000","200,000","20,000",기장료,,,,
2022-07-31,비앤비(B&B),"583,000","530,000","53,000",근무복 (주차),,,,
2022-08-01,한화엘리베이터（주）,"3,300,000","3,000,000","300,000",강남세브란스병원 주차기 도어 교체,,,,
2022-08-06,성주이씨판윤공종회（가든타워 지점）,"550,000","500,000","50,000",임대료,,,,
2022-08-11,잡코리아 유한책임회사,"2,926,000","2,660,000","266,000",[알바몬] 계약매출,,,,
2022-08-11,조은커뮤니케이션,"27,500","25,000","2,500",프린터임대료,,,,
2022-08-15,비엔케이캐피탈(주),"567,400","515,818","51,582",장기차량렌탈↕Long-Term Vehicle [163호4224],,,,
2022-08-15,(주)아마존카,"462,550","420,500","42,050",14회차 대여료-160하5143 니로,,,,
2022-08-19,김지영,"550,000","500,000","50,000",22년 8월임대료,,,,
2022-08-25,스테이션615,"120,710","109,736","10,974",1302호 관리비(7월 사용분),,,,
2022-08-29,잡코리아 유한책임회사,"60,800","55,273","5,527",[알바몬] 유료 서비스,,,,
2022-08-29,법무사 양근형 사무소,"220,000","200,000","20,000",수수료,,,,
2022-08-31,서림세무법인 홍익지사,"220,000","200,000","20,000",기장료,,,,
2022-09-05,잡코리아 유한책임회사,"2,926,000","2,660,000","266,000",[알바몬] 계약매출,,,,
2022-09-06,성주이씨판윤공종회（가든타워 지점）,"550,000","500,000","50,000",임대료,,,,
2022-09-11,조은커뮤니케이션,"27,500","25,000","2,500",프린터임대료,,,,
2022-09-14,(주)미디어윌네트웍스,"1,293,160","1,175,600","117,560",알바천국 구인광고,,,,
2022-09-15,비엔케이캐피탈(주),"567,400","515,818","51,582",장기차량렌탈↕Long-Term Vehicle [163호4224],,,,
2022-09-15,(주)아마존카,"462,550","420,500","42,050",15회차 대여료-160하5143 니로,,,,
2022-09-30,서림세무법인 홍익지사,"220,000","200,000","20,000",기장료,,,,
2022-10-04,잡코리아 유한책임회사,"2,926,000","2,660,000","266,000",[알바몬] 계약매출,,,,
2022-10-06,성주이씨판윤공종회（가든타워 지점）,"550,000","500,000","50,000",임대료,,,,
2022-10-09,잡코리아 유한책임회사,"63,800","58,000","5,800",알바몬 유료 서비스,,,,
2022-10-11,조은커뮤니케이션,"27,500","25,000","2,500",프린터임대료,,,,
2022-10-15,비엔케이캐피탈(주),"567,400","515,818","51,582",장기차량렌탈↕Long-Term Vehicle [163호4224],,,,
2022-10-15,(주)아마존카,"462,550","420,500","42,050",16회차 대여료-160하5143 니로,,,,
2022-10-28,(주)사람인에이치알,"100,000","90,909","9,091",즉시등록 10건 (90일) - 실시간,,,,
2022-10-31,서림세무법인 홍익지사,"220,000","200,000","20,000",기장료,,,,
2022-11-02,잡코리아 유한책임회사,"44,000","40,000","4,000",잡코리아 유료 서비스,,,,
2022-11-04,행사랑,"165,000","150,000","15,000",의자대여,,,,
2022-11-04,잡코리아 유한책임회사,"2,926,000","2,660,000","266,000",[알바몬] 계약매출,,,,
2022-11-04,잡코리아 유한책임회사,"3,409,000","3,099,091","309,909",[알바몬] 계약매출,,,,
2022-11-04,잡코리아 유한책임회사,"-3,806,000","-3,460,000","-346,000",[알바몬] 계약매출,,,,
11/6/2022,성주이씨판윤공종회（가든타워 지점）,"550,000","500,000","50,000",임대료,,,,
2022-11-07,잡코리아 유한책임회사,"44,000","40,000","4,000",잡코리아 유료 서비스,,,,
2022-11-08,NICE평가정보(주),"308,000","280,000","28,000",공공기관제출용 기업신용평가,,,,
2022-11-10,제이앤엠(J&M),"2,750,000","2,500,000","250,000",광고대행,,,,
2022-11-11,조은커뮤니케이션,"27,500","25,000","2,500",프린터임대료,,,,
2022-11-15,비엔케이캐피탈(주),"567,400","515,818","51,582",장기차량렌탈↕Long-Term Vehicle [163호4224],,,,
2022-11-15,(주)아마존카,"462,550","420,500","42,050",17회차 대여료-160하5143 니로,,,,
2022-11-21,주식회사 크린라인,"880,000","800,000","80,000",습식청소장비외,,,,
2022-11-30,서림세무법인 홍익지사,"220,000","200,000","20,000",기장료,,,,
2022-12-06,성주이씨판윤공종회（가든타워 지점）,"550,000","500,000","50,000",임대료,,,,
2022-12-09,잡코리아 유한책임회사,"2,926,000","2,660,000","266,000",[알바몬] 계약매출,,,,
2022-12-10,제이앤엠(J&M),"2,750,000","2,500,000","250,000",광고대행,,,,
2022-12-11,조은커뮤니케이션,"27,500","25,000","2,500",프린터임대료,2022년,,,
2022-12-15,비엔케이캐피탈(주),"567,400","515,818","51,582",장기차량렌탈↕Long-Term Vehicle [163호4224],합계금액,공급가액,세액,
2022-12-15,(주)아마존카,"462,550","420,500","42,050",18회차 대여료-160하5143 니로,"956,312,372","869,374,885","86,937,487",
12/31/2022,서림세무법인 홍익지사,"220,000","200,000","20,000",기장료,,,,
12/31/2022,주식회사 누리서비스,"434,926,800","395,388,000","39,538,800",12월 아르바이트,,,,
2023-01-01,(주)애니에듀,"8,000","8,000",,경비직무교육( 뉴_민간경비와 범죄예방),,,,
2023-01-02,잡코리아 유한책임회사,"61,600","56,000","5,600",잡코리아 유료 서비스,,,,
2023-01-06,성주이씨판윤공종회（가든타워 지점）,"550,000","500,000","50,000",임대료,,,,
2023-01-10,KB캐피탈,"1,218,270","1,218,270",,리스료,,,,
2023-01-11,조은커뮤니케이션,"27,500","25,000","2,500",프린터임대료,,,,
2023-01-15,비엔케이캐피탈(주),"567,400","515,818","51,582",장기차량렌탈↕Long-Term Vehicle [163호4224],,,,
2023-01-15,(주)아마존카,"462,550","420,500","42,050",19회차 대여료-160하5143 니로,,,,
2023-01-17,잡코리아 유한책임회사,"12,226,500","11,115,000","1,111,500",[알바몬] 계약매출,,,,
1/26/2023,(주)코스콤,"55,000","50,000","5,000",인증서갱신,,,,
2023-01-31,（주）도도렌트카,"2,372,499","2,156,817","215,682",차량대여료,,,,
2023-01-31,서림세무법인 홍익지사,"220,000","200,000","20,000",기장료,,,,
2023-02-02,법무사 양근형 사무소,"154,000","140,000","14,000",수수료,,,,
2023-02-07,케이비드 주식회사,"33,000","30,000","3,000",연회비,,,,
2023-02-10,더북클럽,"4,400,000","4,000,000","400,000",어플리케이션 개발,,,,
2023-02-10,KB캐피탈,"1,218,270","1,218,270",,리스료,,,,
2023-02-11,조은커뮤니케이션,"27,500","25,000","2,500",프린터임대료,,,,
2023-02-15,비엔케이캐피탈(주),"567,400","515,818","51,582",장기차량렌탈↕Long-Term Vehicle [163호4224],,,,
2023-02-15,(주)아마존카,"462,550","420,500","42,050",20회차 대여료-160하5143 니로,,,,
2/28/2023,서림세무법인 홍익지사,"220,000","200,000","20,000",기장료,,,,
3/1/2023,성주이씨판윤공종회（가든타워 지점）,"550,000","500,000","50,000",임대료,,,,
2023-03-01,(주)애니에듀,"8,000","8,000",,"경비직무교육( 뉴_안전365일, 재난관리)",,,,
3/2/2023,주식회사 엠제이오골드,"104,280,000","94,800,000","9,480,000",가락동 보수작업 외5건,03월 24일,우리은행,,
3/6/2023,성주이씨판윤공종회（가든타워 지점）,"550,000","500,000","50,000",임대료,,,,
2023-03-10,더북클럽,"4,400,000","4,000,000","400,000",어플리케이션 개발,,,,
2023-03-10,KB캐피탈,"1,218,270","1,218,270",,리스료,,,,
3/11/2023,조은커뮤니케이션,"27,500","25,000","2,500",프린터임대료,,,,
3/11/2023,주식회사 엠제이오골드,"57,200,000","52,000,000","5,200,000",교동 인력외3,03월 20일,우리은행,,
2023-03-14,(주)애니에듀,"-8,000","-8,000",,"경비직무교육( 뉴_안전365일, 재난관리)",,,,
2023-03-15,비엔케이캐피탈(주),"567,400","515,818","51,582",장기차량렌탈↕Long-Term Vehicle [163호4224],,,,
2023-03-15,(주)아마존카,"462,550","420,500","42,050",21회차 대여료-160하5143 니로,,,,
2023-03-25,서림세무법인 홍익지사,"5,908,390","5,371,263","537,127",법인조정료,,,,
2023-03-25,서림세무법인 홍익지사,"220,000","200,000","20,000",기장료,,,,
2023-03-30,주식회사 엠제이오골드,"91,927,000","83,570,000","8,357,000",여수랜드 광고외5건,,,,
2023-03-31,주식회사 피앤케이네트웍스,"10,376,850","9,433,500","943,350",판교아이스퀘어 23년03월 주차용역비청구,,,,
2023-04-05,잡코리아 유한책임회사,"64,000","58,182","5,818",[알바몬] 유료 서비스,,,,
2023-04-06,성주이씨판윤공종회（가든타워 지점）,"550,000","500,000","50,000",임대료,,,,
2023-04-10,잡코리아 유한책임회사,"137,000","124,545","12,455",[알바몬] 유료 서비스,,,,
2023-04-10,더북클럽,"4,400,000","4,000,000","400,000",어플리케이션 개발,,,,
2023-04-10,KB캐피탈,"1,218,270","1,218,270",,리스료,,,,
2023-04-11,조은커뮤니케이션,"27,500","25,000","2,500",프린터임대료,,,,
2023-04-15,비엔케이캐피탈(주),"567,400","515,818","51,582",장기차량렌탈↕Long-Term Vehicle [163호4224],,,,
2023-04-15,(주)아마존카,"462,550","420,500","42,050",22회차 대여료-160하5143 니로,,,,
2023-04-20,코리아크레딧뷰로(주),"231,000","210,000","21,000",기업평가,,,,
2023-04-25,잡코리아 유한책임회사,"64,000","58,182","5,818",[알바몬] 유료 서비스,,,,
2023-04-25,서림세무법인 홍익지사,"220,000","200,000","20,000",기장료,,,,
2023-04-30,주식회사 피앤케이네트웍스,"10,376,850","9,433,500","943,350",판교아이스퀘어 23년04월 주차용역비청구,,,,
2023-05-10,더북클럽,"4,400,000","4,000,000","400,000",어플리케이션 개발,,,,
2023-05-10,KB캐피탈,"1,218,270","1,218,270",,리스료,,,,
2023-05-11,조은커뮤니케이션,"27,500","25,000","2,500",프린터임대료,,,,
2023-05-15,비엔케이캐피탈(주),"567,400","515,818","51,582",장기차량렌탈↕Long-Term Vehicle [163호4224],,,,
2023-05-15,(주)아마존카,"462,550","420,500","42,050",23회차 대여료-160하5143 니로,,,,
2023-05-18,한국산업안전보건공단 산업안전보건교육원,"15,000","15,000",,교육원 교육(2023년 4기 관리감독자가 알아야 할  등 1건),,,,
2023-05-25,서림세무법인 강남지사,"220,000","200,000","20,000",기장료,,,,
2023-05-31,주식회사 피앤케이네트웍스,"11,984,830","10,895,300","1,089,530",판교아이스퀘어 23년05월 주차용역비청구,,,,
2023-06-01,성주이씨판윤공종회（가든타워 지점）,"550,000","500,000","50,000",임대료,,,,
2023-06-06,성주이씨판윤공종회（가든타워 지점）,"550,000","500,000","50,000",임대료,,,,
2023-06-10,더북클럽,"4,400,000","4,000,000","400,000",어플리케이션 개발,,,,
2023-06-11,조은커뮤니케이션,"27,500","25,000","2,500",프린터임대료,,,,
2023-06-12,KB캐피탈,"1,218,270","1,218,270",,리스료,,,,
2023-06-15,비엔케이캐피탈(주),"567,400","515,818","51,582",장기차량렌탈↕Long-Term Vehicle [163호4224],,,,
2023-06-15,(주)아마존카,"462,550","420,500","42,050",24회차 대여료-160하5143 니로,,,,
2023-06-16,(주)후이즈,"44,000","40,000","4,000",[P4] 기타,,,,
2023-06-25,서림세무법인 강남지사,"220,000","200,000","20,000",기장료,,,,
2023-06-29,주식회사 모닝상사,"144,100","131,000","13,100",TB-T2 아이스쿨업지퍼T-곤색 M(마크1),,,,
2023-06-30,주식회사 피앤케이네트웍스,"10,295,010","9,359,100","935,910",판교아이스퀘어 23년06월 주차용역비청구,,,,
2023-06-30,명성출력,"198,000","180,000","18,000",경비일지 인쇄 外,,,,
2023-07-05,잡코리아 유한책임회사,"64,000","58,182","5,818",[알바몬] 유료 서비스,,,,
2023-07-05,(주)미디어윌네트웍스,"45,360","41,237","4,123",알바천국 구인광고,,,,
2023-07-06,성주이씨판윤공종회（가든타워 지점）,"550,000","500,000","50,000",임대료,,,,
2023-07-07,제일공사,"440,000","400,000","40,000","경비실 썬팅(제거,시공)",,,,
2023-07-10,KB캐피탈,"1,218,270","1,218,270",,리스료,,,,
2023-07-11,조은커뮤니케이션,"27,500","25,000","2,500",프린터임대료,,,,
2023-07-11,월드기획,"6,000,000","5,454,546","545,454",주차관제실환경개선공사5454546,,,,
2023-07-13,(주)후이즈,"459,360","417,600","41,760",[P4] [연장 24개월] 표준형홈페이지(gbajs2017-000),,,,
2023-07-15,비엔케이캐피탈(주),"567,400","515,818","51,582",장기차량렌탈↕Long-Term Vehicle [163호4224],,,,
2023-07-15,(주)아마존카,"462,550","420,500","42,050",25회차 대여료-160하5143 니로,,,,
2023-07-19,주식회사 모닝상사,"34,650","31,500","3,150",경비 근무복,,,,
2023-07-21,주식회사 모닝상사,"25,300","23,000","2,300",▶(주)휴먼엠에스-완도군내LH1단지,,,,
2023-07-25,서림세무법인 강남지사,"220,000","200,000","20,000",기장료,,,,
2023-07-31,주식회사 피앤케이네트웍스,"11,090,090","10,081,900","1,008,190",판교아이스퀘어 23년07월 주차용역비청구,08월 10일,,,
2023-08-06,성주이씨판윤공종회（가든타워 지점）,"660,000","600,000","60,000",임대료,,,,
2023-08-11,조은커뮤니케이션,"27,500","25,000","2,500",프린터임대료,,,,
2023-08-15,비엔케이캐피탈(주),"567,400","515,818","51,582",장기차량렌탈↕Long-Term Vehicle [163호4224],,,,
2023-08-15,(주)아마존카,"462,550","420,500","42,050",26회차 대여료-160하5143 니로,,,,
2023-08-23,잡코리아 유한책임회사,"64,000","58,182","5,818",[알바몬] 유료 서비스,,,,
2023-08-25,서림세무법인 강남지사,"220,000","200,000","20,000",기장료,,,,
2023-08-31,주식회사 피앤케이네트웍스,"11,442,750","10,402,500","1,040,250",판교아이스퀘어 23년08월 주차용역비청구,09월 08일,,,
2023-08-31,(주)다날,"55,000","50,000","5,000",본인확인서비스인증 수수료,,,,
2023-09-06,명인컨테이너,"3,795,000","3,450,000","345,000",컨테이너,"9/6, 9/8",,,
2023-09-06,잡코리아 유한책임회사,"12,100","11,000","1,100",알바몬 유료 서비스,,,,
2023-09-06,성주이씨판윤공종회（가든타워 지점）,"660,000","600,000","60,000",임대료,,,,
2023-09-07,잡코리아 유한책임회사,"12,100","11,000","1,100",알바몬 유료 서비스,,,,
2023-09-07,잡코리아 유한책임회사,"12,100","11,000","1,100",알바몬 유료 서비스,,,,
2023-09-07,우주지게차,"550,000","500,000","50,000",장비사용료,,,,
2023-09-08,우주지게차,"110,000","100,000","10,000",장비사용료,,,,
2023-09-08,잡코리아 유한책임회사,"326,700","297,000","29,700",[알바몬] 유료 서비스,,,,
2023-09-11,조은커뮤니케이션,"27,500","25,000","2,500",프린터임대료,,,,
2023-09-15,비엔케이캐피탈(주),"567,400","515,818","51,582",장기차량렌탈↕Long-Term Vehicle [163호4224],,,,
2023-09-15,(주)아마존카,"462,550","420,500","42,050",27회차 대여료-160하5143 니로,,,,
2023-09-19,더북클럽,"5,500,000","5,000,000","500,000",어플리케이션 개발,,,,
2023-09-25,서림세무법인 강남지사,"220,000","200,000","20,000",기장료,,,,
2023-09-28,잡코리아 유한책임회사,"61,600","56,000","5,600",잡코리아 유료 서비스,,,,
2023-09-30,(주)다날,"55,000","50,000","5,000",본인확인서비스인증 수수료,,,,
2023-09-30,주식회사 피앤케이네트웍스,"12,085,370","10,986,700","1,098,670",판교아이스퀘어 23년09월 주차용역비청구,,,,
2023-10-04,주식회사 모닝상사,"76,450","69,500","6,950",근무복 외,,,,
2023-10-04,주식회사 모닝상사,"13,750","12,500","1,250",계급장 외,,,,
2023-10-04,한국산업안전보건공단 산업안전보건교육원,"8,000","8,000",,교육원 교육(2023년 9기 관리감독자가 알아야 할  등 1건),,,,
2023-10-11,조은커뮤니케이션,"27,500","25,000","2,500",프린터임대료,,,,
2023-10-11,주식회사 모닝상사,"28,050","25,500","2,550",근무복,,,,
2023-10-12,잡코리아 유한책임회사,"968,000","880,000","88,000",[알바몬] 계약매출,,,,
2023-10-12,주식회사 모닝상사,"87,450","79,500","7,950",근무복,,,,
2023-10-12,(주)미디어윌네트웍스,"294,030","267,300","26,730",알바천국 구인광고,,,,
2023-10-15,비엔케이캐피탈(주),"567,400","515,818","51,582",장기차량렌탈↕Long-Term Vehicle [163호4224],,,,
2023-10-15,(주)아마존카,"462,550","420,500","42,050",28회차 대여료-160하5143 니로,,,,
2023-10-20,주식회사 모닝상사,"55,550","50,500","5,050",근무복,,,,
2023-10-20,주식회사 모닝상사,"107,250","97,500","9,750",근무복,,,,
10/25/2023,서림세무법인 강남지사,"220,000","200,000","20,000",기장료,,,,
2023-10-31,(주)다날,"55,000","50,000","5,000",본인확인서비스인증 수수료,,,,
2023-10-31,주식회사 피앤케이네트웍스,"12,085,370","10,986,700","1,098,670",판교아이스퀘어 23년10월 주차용역비청구,,,,
2023-11-01,성주이씨판윤공종회（가든타워 지점）,"660,000","600,000","60,000",임대료,,,,
2023-11-06,유성전력 주식회사,"1,810,000","1,645,455","164,545",13.연대동문회관104호주차관리실 냉난방기 설치공사중 전기공사,,,,
2023-11-11,조은커뮤니케이션,"27,500","25,000","2,500",프린터임대료,,,,
2023-11-15,비엔케이캐피탈(주),"567,400","515,818","51,582",장기차량렌탈↕Long-Term Vehicle [163호4224],,,,
2023-11-15,(주)아마존카,"462,550","420,500","42,050",29회차 대여료-160하5143 니로,,,,
2023-11-25,서림세무법인 강남지사,"220,000","200,000","20,000",기장료,,,,
2023-11-30,(주)다날,"55,000","50,000","5,000",본인확인서비스인증 수수료,,,,
2023-11-30,주식회사 피앤케이네트웍스,"10,755,250","9,777,500","977,750",판교아이스퀘어 23년11월 주차용역비청구,,,,
2023-12-01,성주이씨판윤공종회（가든타워 지점）,"660,000","600,000","60,000",임대료,,,,
2023-12-06,성주이씨판윤공종회（가든타워 지점）,"660,000","600,000","60,000",임대료,2023년,,,
2023-12-11,조은커뮤니케이션,"27,500","25,000","2,500",프린터임대료,합계금액,공급가액,세액,
2023-12-14,잡코리아 유한책임회사,"1,848,000","1,680,000","168,000",[알바몬] 계약매출,"466,684,399","425,036,624","41,647,775",
2023-12-15,비엔케이캐피탈(주),"567,400","515,818","51,582",장기차량렌탈↕Long-Term Vehicle [163호4224],,,,
2023-12-15,주식회사 모닝상사,"302,500","275,000","27,500",근무복외,,,,
2023-12-15,(주)아마존카,"462,550","420,500","42,050",30회차 대여료-160하5143 니로,,,,
2023-12-15,남대리월드,"100,000","90,909","9,091",청소차임대계약금,,,,
12/25/2023,서림세무법인 강남지사,"220,000","200,000","20,000",기장료,,,,
2023-12-26,(주)후이즈,"163,480","148,618","14,862",[D1] humanms.co.kr,,,,
2023-12-31,(주)다날,"55,000","50,000","5,000",본인확인서비스인증 수수료,,,,
2023-12-31,주식회사 피앤케이네트웍스,"3,289,000","2,990,000","299,000",판교아이스퀘어 C2 23년12월 콜센터 대응용역비청구,,,,
2023-12-31,주식회사 피앤케이네트웍스,"11,122,870","10,111,700","1,011,170",판교아이스퀘어 23년12월 주차용역비청구,,,,
2024-01-02,더북클럽,"447,700","407,000","40,700",어플리케이션 이용(12월),,,,
2024-01-10,주식회사 엠제이오골드,"78,509,200","71,372,000","7,137,200",평택 공사외,1월10일,,,
2024-01-11,조은커뮤니케이션,"27,500","25,000","2,500",프린터임대료,,,,
2024-01-15,주식회사 엠제이오골드,"72,407,500","65,825,000","6,582,500",부속외용역,1월16일,,,
2024-01-15,비엔케이캐피탈(주),"567,400","515,818","51,582",장기차량렌탈↕Long-Term Vehicle [163호4224],,,,
2024-01-15,(주)아마존카,"462,550","420,500","42,050",31회차 대여료-160하5143 니로,,,,
2024-01-16,잡코리아 유한책임회사,"11,923,283","10,839,348","1,083,935",[알바몬] 계약매출,,,,
2024-01-16,잡코리아 유한책임회사,"-12,226,500","-11,115,000","-1,111,500",[알바몬] 계약매출,,,,
2024-01-17,잡코리아 유한책임회사,"11,253,217","10,230,197","1,023,020",[알바몬] 계약매출,,,,
2024-01-23,(주)코스콤,"55,000","50,000","5,000",인증서발급,,,,
2024-01-31,(주)다날,"55,000","50,000","5,000",본인확인서비스인증 수수료,02월 08일,,,
2024-01-31,주식회사 피앤케이네트웍스,"4,433,000","4,030,000","403,000",판교아이스퀘어 C2 24년01월 콜센터 대응용역비청구,02월 08일,,,
2024-01-31,주식회사 피앤케이네트웍스,"10,755,250","9,777,500","977,750",판교아이스퀘어 24년01월 주차용역비청구,02월 08일,,,
2024-02-01,더북클럽,"385,000","350,000","35,000",어플리케이션 이용(1월),02월 08일,,,
2024-02-05,주식회사 엠제이오골드,"22,000,000","20,000,000","2,000,000",용역비,02월 06일,,,
2024-02-05,주식회사 엠제이오골드,"5,500,000","5,000,000","500,000",용역비,02월 06일,,,
2024-02-06,성주이씨판윤공종회（가든타워 지점）,"660,000","600,000","60,000",임대료,,,,
2024-02-08,주식회사 엠제이오골드,"71,485,700","64,987,000","6,498,700",용역비,02월 08일,,,
2024-02-11,조은커뮤니케이션,"27,500","25,000","2,500",프린터임대료,,,,
2024-02-13,케이비드 주식회사,"33,000","30,000","3,000",연회비,아파트 입찰,,,
2024-02-15,비엔케이캐피탈(주),"567,400","515,818","51,582",장기차량렌탈↕Long-Term Vehicle [163호4224],,,,
2024-02-15,(주)아마존카,"287,357","261,234","26,123",1회차 대여료-177하3019스포티지,,,,
2024-02-15,(주)아마존카,"462,550","420,500","42,050",32회차 대여료-160하5143 니로,,,,
2024-02-25,서림세무법인 강남지사,"220,000","200,000","20,000",기장료,,,,
2024-02-29,주식회사 엠제이오골드,"264,044,000","240,040,000","24,004,000",용역계약 착수금,,,,
2024-02-29,주식회사 피앤케이네트웍스,"4,147,000","3,770,000","377,000",판교아이스퀘어 C2 24년02월 콜센터 대응용역비청구,,,,
2024-02-29,주식회사 피앤케이네트웍스,"10,074,759","9,158,872","915,887",판교아이스퀘어 24년02월 주차용역비청구,,,,
2024-02-29,(주)다날,"55,000","50,000","5,000",본인확인서비스인증 수수료,03월 10일,,,
2024-02-29,명성출력,"85,000","77,272","7,728",대봉투,23년 12월,,,
2024-03-04,더북클럽,"360,800","328,000","32,800",어플리케이션 이용(2월),03월 10일,,,
2024-03-11,조은커뮤니케이션,"27,500","25,000","2,500",프린터임대료,,,,
2024-03-11,주식회사 엠제이오골드,"11,000,000","10,000,000","1,000,000",서울 관리비 ,03월 11일,,,
2024-03-15,비엔케이캐피탈(주),"567,400","515,818","51,582",장기차량렌탈↕Long-Term Vehicle [163호4224],,,,
2024-03-15,(주)아마존카,"507,100","461,000","46,100",2회차 대여료-177하3019스포티지,,,,
2024-03-15,(주)아마존카,"462,550","420,500","42,050",33회차 대여료-160하5143 니로,,,,
2024-03-18,주식회사 모닝상사,"56,650","51,500","5,150",근무복 외,,,,
2024-03-18,주식회사 모닝상사,"365,750","332,500","33,250",근무복 외,,,,
2024-03-18,남대리월드,"550,000","500,000","50,000",탑승식청소차임대,03월 31일,,,
2024-03-25,서림세무법인 강남지사,"5,364,183","4,876,530","487,653",조정료,,,,
2024-03-25,서림세무법인 강남지사,"220,000","200,000","20,000",기장료,,,,
2024-03-29,주식회사 엠제이오골드,"230,956,000","209,960,000","20,996,000",용역계약 착수금,,,,
2024-03-31,(주)다날,"55,000","50,000","5,000",본인확인서비스인증 수수료,04월 10일,,,
2024-03-31,주식회사 피앤케이네트웍스,"4,433,000","4,030,000","403,000",판교아이스퀘어 C2 24년03월 콜센터 대응용역비청구,,,,
2024-03-31,주식회사 피앤케이네트웍스,"10,074,759","9,158,872","915,887",판교아이스퀘어 24년03월 주차용역비청구,,,,
2024-04-01,성주이씨판윤공종회（가든타워 지점）,"660,000","600,000","60,000",임대료,,,,
2024-04-06,성주이씨판윤공종회（가든타워 지점）,"660,000","600,000","60,000",임대료,,,,
2024-04-11,조은커뮤니케이션,"27,500","25,000","2,500",프린터임대료,,,,
2024-04-15,비엔케이캐피탈(주),"567,400","515,818","51,582",장기차량렌탈↕Long-Term Vehicle [163호4224],,,,
2024-04-15,(주)아마존카,"507,100","461,000","46,100",3회차 대여료-177하3019스포티지,,,,
2024-04-15,(주)아마존카,"462,550","420,500","42,050",34회차 대여료-160하5143 니로,,,,
2024-04-17,주식회사 모닝상사,"69,850","63,500","6,350",▶오션클래스 근무복 외,,,,
2024-04-17,주식회사 모닝상사,"-69,850","-63,500","-6,350",▶오션클래스-이경일반장,,,,
2024-04-17,주식회사 모닝상사,"69,850","63,500","6,350",▶오션클래스-이경일반장,,,,
2024-04-19,코리아크레딧뷰로(주),"231,000","210,000","21,000",기업평가상품,,,,
2024-04-25,서림세무법인 강남지사,"220,000","200,000","20,000",기장료,,,,
2024-04-30,(주)다날,"55,000","50,000","5,000",본인확인서비스인증 수수료,05월 10일,,,
2024-04-30,주식회사 피앤케이네트웍스,"10,074,759","9,158,872","915,887",판교아이스퀘어 24년04월 주차용역비청구,05월 10일,,,
2024-05-06,성주이씨판윤공종회（가든타워 지점）,"660,000","600,000","60,000",임대료,,,,
2024-05-11,조은커뮤니케이션,"27,500","25,000","2,500",프린터임대료,,,,
2024-05-15,비엔케이캐피탈(주),"567,400","515,818","51,582",장기차량렌탈↕Long-Term Vehicle [163호4224],,,,
2024-05-15,(주)아마존카,"462,550","420,500","42,050",35회차 대여료-160하5143 니로,,,,
2024-05-15,(주)아마존카,"507,100","461,000","46,100",4회차 대여료-177하3019스포티지,,,,
2024-05-25,서림세무법인 강남지사,"220,000","200,000","20,000",기장료,,,,
2024-05-27,잡코리아 유한책임회사,"1,056,000","960,000","96,000",[알바몬] 계약매출,,,,
2024-05-31,주식회사 피앤케이네트웍스,"10,442,379","9,493,072","949,307",판교아이스퀘어 24년05월 주차용역비청구,06월 10일,,,
2024-06-03,주식회사 모닝상사,"47,850","43,500","4,350",근무복 외,,,,
2024-06-06,성주이씨판윤공종회（가든타워 지점）,"660,000","600,000","60,000",임대료,,,,
2024-06-11,조은커뮤니케이션,"27,500","25,000","2,500",프린터임대료,,,,
2024-06-15,비엔케이캐피탈(주),"567,400","515,818","51,582",장기차량렌탈↕Long-Term Vehicle [163호4224],,,,
2024-06-15,(주)아마존카,"462,550","420,500","42,050",36회차 대여료,,,,
2024-06-15,(주)아마존카,"507,100","461,000","46,100",5회차 대여료,,,,
2024-06-25,서림세무법인 강남지사,"220,000","200,000","20,000",기장료,,,,
2024-06-27,(주)아마존카,"215,857","196,234","19,623",37회차 대여료,,,,
2024-06-30,주식회사 피앤케이네트웍스,"10,074,759","9,158,872","915,887",판교아이스퀘어 24년06월 주차용역비청구,07월 10일,,,
2024-06-30,주식회사 엠제이오골드,"33,000,000","30,000,000","3,000,000",용역비 (인스파이어),07월 10일,,,
7/6/2024,성주이씨판윤공종회（가든타워 지점）,"660,000","600,000","60,000",임대료,,,,
2024-07-10,멜모스 디자인,"1,000,000","909,091","90,909",스타트업 디자인패키지 02(로고+회사소개서+홈페이지) 선금,,,,
2024-07-11,조은커뮤니케이션,"27,500","25,000","2,500",프린터임대료,,,,
2024-07-15,비엔케이캐피탈(주),"567,400","515,818","51,582",장기차량렌탈↕Long-Term Vehicle [163호4224],,,,
2024-07-15,(주)아마존카,"507,100","461,000","46,100",6회차 대여료,,,,
7/25/2024,서림세무법인 강남지사,"220,000","200,000","20,000",기장료,,,,
2024-07-31,주식회사 피앤케이네트웍스,"10,074,759","9,158,872","915,887",판교아이스퀘어 24년07월 주차용역비청구,08월 09일,,,
8/6/2024,성주이씨판윤공종회（가든타워 지점）,"660,000","600,000","60,000",임대료,,,,
2024-08-09,주식회사 엠제이오골드,"67,304,875","61,186,250","6,118,625",용역비 (인스파이어),08월 09일,,,
2024-08-11,조은커뮤니케이션,"27,500","25,000","2,500",프린터임대료,,,,
2024-08-12,주식회사 엠제이오골드,"4,950,000","4,500,000","450,000",용역비 (인스파이어),08월 12일,,,
2024-08-14,카페24 주식회사,"22,880","20,800","2,080",호스팅 서비스,,,,
2024-08-15,비엔케이캐피탈(주),"567,400","515,818","51,582",장기차량렌탈↕Long-Term Vehicle [163호4224],,,,
2024-08-15,(주)아마존카,"507,100","461,000","46,100",7회차 대여료,,,,
2024-08-16,(주)후이즈,"-217,724","-197,931","-19,793",[P4] [연장 24개월] 표준형홈페이지(gbajs2017-000),,,,
2024-08-25,서림세무법인 강남지사,"220,000","200,000","20,000",기장료,,,,
2024-08-31,주식회사 피앤케이네트웍스,"10,074,759","9,158,872","915,887",판교아이스퀘어 24년08월 주차용역비청구,,,,
2024-09-05,주식회사 우성,"92,477,000","84,070,000","8,407,000",영종 인스파이어 관리,,,,
2024-09-06,성주이씨판윤공종회（가든타워 지점）,"660,000","600,000","60,000",임대료,,,,
9/10/2024,주식회사 엠제이오골드,"39,243,380","35,675,800","3,567,580",영종 인스파이어 관리(메이드),09월 27일,,,
9/10/2024,주식회사 엠제이오골드,"43,450,000","39,500,000","3,950,000",영종 인스파이어 관리(베딩),09월 10일,,,
9/10/2024,주식회사 엠제이오골드,"20,900,000","19,000,000","1,900,000",영종 인스파이어 관리(가나),09월 10일,,,
9/11/2024,조은커뮤니케이션,"27,500","25,000","2,500",프린터임대료,,,,
2024-09-15,비엔케이캐피탈(주),"567,400","515,818","51,582",장기차량렌탈↕Long-Term Vehicle [163호4224],,,,
2024-09-15,(주)아마존카,"507,100","461,000","46,100",8회차 대여료,,,,
2024-09-25,세무법인명성(홍익지점),"220,000","200,000","20,000",기장료,,,,
2024-09-30,주식회사 엠제이오골드,"33,275,000","30,250,000","3,025,000",영종 인스파이 베딩,10월 10일,,,
2024-09-30,주식회사 메가프레스,"38,000","34,545","3,455",인쇄물,,,,
2024-09-30,주식회사 피앤케이네트웍스,"10,074,759","9,158,872","915,887",판교아이스퀘어 24년09월 주차용역비청구,,,,
2024-09-11,멜모스 디자인,"1,607,000","1,460,909","146,091",10월발행-스타트업 패키지 디자인 잔금,,,,
2024-09-26,멜모스 디자인,"220,000","200,000","20,000",10월발행-안전보건입찰제안서 PPT 디자인,,,,
2024-10-04,(주)미디어윌네트웍스,"14,300","13,000","1,300",알바천국 구인광고,,,,
10/6/2024,성주이씨판윤공종회（가든타워 지점）,"660,000","600,000","60,000",임대료,,,,
2024-10-08,멜모스 디자인,"220,000","200,000","20,000",안전보건입찰제안서 PPT 디자인 잔금,,,,
2024-10-10,명문공인중개사사무소,"330,000","300,000","30,000",중개보수,,,,
2024-10-11,조은커뮤니케이션,"27,500","25,000","2,500",프린터임대료,,,,
2024-10-15,비엔케이캐피탈(주),"567,400","515,818","51,582",장기차량렌탈↕Long-Term Vehicle [163호4224],,,,
2024-10-15,(주)아마존카,"507,100","461,000","46,100",9회차 대여료,,,,
2024-10-18,클린상사,"880,000","800,000","80,000",탑승식 바닥청소 2일 외,10월 31일,,,
10/21/2024,주식회사 엠제이오골드,"20,000,000","18,181,818","1,818,182",영종 인스파이어 관리(메이드),10월 21일,,,
2024-10-25,세무법인명성(홍익지점),"275,000","250,000","25,000",기장료,,,,
2024-10-30,주식회사 모닝상사,"95,150","86,500","8,650",▶휴먼엠에스,,,,
2024-10-31,주식회사 피앤케이네트웍스,"10,074,759","9,158,872","915,887",판교아이스퀘어 24년10월 주차용역비청구,11월 08일,,,
2024-10-31,주식회사 우성,"21,747,750","19,770,680","1,977,070",영종 인스파이어 관리(메이드),10월 31일,,,
2024-11-01,주식회사 액센코리아,"218,000","198,182","19,818",액센 H43 QUAD 4GB [5가지 색상],,,,
2024-11-06,주식회사 우성,"5,599,000","5,090,000","509,000",      양천 관리,11월 06일,,,
2024-11-08,주식회사 우성,"49,876,640","45,342,400","4,534,240",영종  메이드 (10),11월 20일,,,
2024-11-08,주식회사 우성,"27,362,500","24,875,000","2,487,500",영종  베딩 (10),11월 08일,,,
2024-11-08,(주)후이즈,"382,800","348,000","34,800",[M1] 웹메일호스팅(humanms.co.kr)/쿠폰,,,,
2024-11-08,주식회사 메가프레스,"57,000","51,818","5,182",인쇄물,,,,
2024-11-11,조은커뮤니케이션,"27,500","25,000","2,500",프린터임대료,,,,
2024-11-15,비엔케이캐피탈(주),"567,400","515,818","51,582",장기차량렌탈↕Long-Term Vehicle [163호4224],,,,
2024-11-15,주식회사 모닝상사,"59,937","54,488","5,449",근무복 외,,,,
2024-11-15,(주)아마존카,"507,100","461,000","46,100",10회차 대여료,,,,
2024-11-25,세무법인명성(홍익지점),"275,000","250,000","25,000",기장수수료,,,,
2024-11-30,(주)다날,"55,000","50,000","5,000",본인확인서비스인증 수수료,,,,
2024-11-30,주식회사 피앤케이네트웍스,"10,074,759","9,158,872","915,887",판교아이스퀘어 24년11월 주차용역비청구,,,,
12/1/2024,성주이씨판윤공종회（가든타워 지점）,"660,000","600,000","60,000",임대료,12월 10일,,,
12/6/2024,성주이씨판윤공종회（가든타워 지점）,"660,000","600,000","60,000",임대료,,,,
12/10/2024,주식회사 우성,"21,587,500","19,625,000","1,962,500",영종 베딩 (11),12월 10일,,,
2024-12-11,조은커뮤니케이션,"27,500","25,000","2,500",프린터임대료,,,,
2024-12-15,비엔케이캐피탈(주),"567,400","515,818","51,582",장기차량렌탈↕Long-Term Vehicle [163호4224],,,,
2024-12-15,(주)아마존카,"507,100","461,000","46,100",11회차 대여료,2024년,,,
2024-12-16,잡코리아 유한책임회사,"15,500,000","14,090,909","1,409,091",[알바몬] 계약매출,합계금액,공급가액,세액,
2024-12-25,세무법인명성(홍익지점),"275,000","250,000","25,000",기장수수료,"1,427,652,945","1,297,866,310","129,786,635",
2025-01-01,주식회사 피앤케이네트웍스,"12,721,359","11,564,872","1,156,487",판교아이스퀘어 24년12월 주차용역비청구,,,,
2025-01-01,주식회사 우성,"34,139,160","31,035,600","3,103,560",영종 메이드 11,가지급금상계,,,
2025-01-05,주식회사 우성,"59,504,060","54,094,600","5,409,460",영종메이드 베딩12,가지급금상계,,,
2025-01-06,성주이씨판윤공종회（가든타워 지점）,"660,000","600,000","60,000",임대료,,,,
2025-01-08,주식회사 우성,"126,356,780","114,869,800","11,486,980",영종인력비외,01월 08일,,,
2025-01-10,동광안전산업,"120,120","109,200","10,920",A표지판(블로우-중)노랑 무지,,,,
2025-01-11,조은커뮤니케이션,"27,500","25,000","2,500",프린터임대료,,,,
2025-01-15,비엔케이캐피탈(주),"567,400","515,818","51,582",장기차량렌탈↕Long-Term Vehicle [163호4224],,,,
2025-01-15,(주)아마존카,"507,100","461,000","46,100",12회차 대여료,,,,
2025-01-15,주식회사 우성,"56,118,736","51,017,033","5,101,703",        도봉 용역비,01월 15일,,,
2025-01-17,까치부동산 공인중개사사무소,"321,200","292,000","29,200",중개보수 센트레힐807호,,,,
2025-01-17,주식회사 메가프레스,"19,000","17,273","1,727",인쇄물,,,,
2025-01-17,(주)코스콤,"55,000","50,000","5,000",인증서발급,,,,
2025-01-17,주식회사 좋은생각,"770,000","700,000","70,000",센트레 힐 스위트 807호 임대료,,,,
2025-01-25,세무법인명성(홍익지점),"275,000","250,000","25,000",기장수수료,,,,
2025-01-31,주식회사 우성,"31,020,000","28,200,000","2,820,000",            1월 베당,02월 10일,,,
2025-01-31,주식회사 피앤케이네트웍스,"12,104,180","11,003,800","1,100,380",판교아이스퀘어 25년01월 주차용역비청구,,,,
2025-01-31,주식회사 스마트피엔지,"770,000","700,000","70,000",장비대금 1월,,,,
2025-02-05,주식회사 케이티,"31,934","29,031","2,903",IoT안심결제 110 (01255040286),,,,
2025-02-06,주식회사 우성,"61,734,640","56,122,400","5,612,240",       1 월  메이드,02월 17일,,,
2025-02-06,파주시청,"45,109,110","41,008,290","4,100,820","문산,법원 노상?노외 주차장 284면 운영대행 위수탁관리",01월 31일,,,
2025-02-11,조은커뮤니케이션,"27,500","25,000","2,500",프린터임대료,,,,
2025-02-15,비엔케이캐피탈(주),"567,400","515,818","51,582",장기차량렌탈↕Long-Term Vehicle [163호4224],,,,
2025-02-15,(주)아마존카,"507,100","461,000","46,100",13회차 대여료,,,,
2025-02-17,주식회사금강주택관리,"37,200","33,818","3,382",2025-1월관리비,,,,
2025-02-19,주식회사 좋은생각,"770,000","700,000","70,000",센트레힐스위트 807호 임대료,,,,
2025-02-24,주식회사 우성,"21,164,000","19,240,000","1,924,000",          천안 인력 1~20,02월 24일,,,
2025-02-25,세무법인명성(홍익지점),"275,000","250,000","25,000",기장수수료,,,,
2025-02-28,제이비 주식회사,"39,851","36,229","3,622",도시가스요금,,,,
2025-02-28,제이비 주식회사,"6,465","5,878",587,도시가스요금,,,,
2025-02-28,주식회사 우성,"21,412,930","19,466,300","1,946,630",인스파이어 인력비,03월 17일,,,
2025-02-28,주식회사 우성,"16,038,000","14,580,000","1,458,000",소노벨 인력비,03월 17일,,,
2025-02-28,주식회사 피앤케이네트웍스,"9,908,360","9,007,600","900,760",판교아이스퀘어 25년02월 주차용역비청구,,,,
2025-02-28,주식회사 스마트피엔지,"770,000","700,000","70,000",장비대금 2월,,,,
2025-03-01,성주이씨판윤공종회（가든타워 지점）,"660,000","600,000","60,000",임대료,,,,
2025-03-05,주식회사 케이티,"33,000","30,000","3,000",IoT안심결제 110 (01255040286),,,,
2025-03-06,성주이씨판윤공종회（가든타워 지점）,"660,000","600,000","60,000",임대료,,,,
2025-03-07,주식회사 우성,"55,000,000","50,000,000","5,000,000",     소노벨 인력비,가지급금상계,,,
2025-03-11,조은커뮤니케이션,"27,500","25,000","2,500",프린터임대료,,,,
2025-03-15,비엔케이캐피탈(주),"567,400","515,818","51,582",장기차량렌탈↕Long-Term Vehicle [163호4224],,,,
2025-03-15,(주)아마존카,"507,100","461,000","46,100",14회차 대여료,,,,
2025-03-17,주식회사금강주택관리,"122,930","111,755","11,175",2025-2월관리비,,,,
2025-03-17,주식회사 우성,"14,042,688","12,766,080","1,276,608",천안 인력 3월1/10 ,03월 31일,,,
2025-03-17,주식회사 우성,"-14,042,688","-12,766,080","-1,276,608",천안 인력 3월1/10 ,,,,
2025-03-19,주식회사 좋은생각,"770,000","700,000","70,000",센트레힐스위트 807호 임대료,,,,
2025-03-25,세무법인명성(홍익지점),"275,000","250,000","25,000",기장수수료,,,,
2025-03-31,제이비 주식회사,"179,918","163,562","16,356",도시가스요금,,,,
2025-03-31,제이비 주식회사,"270,546","245,951","24,595",도시가스요금,,,,
2025-03-31,(주)다날,"55,000","50,000","5,000",본인확인서비스인증 수수료,,,,
2025-03-31,주식회사 우성,"47,611,388","43,283,080","4,328,308", 소노벨 3/1~3/31 인력비,3/31 입금분 차감하고 4/10입금,,,
2025-03-31,주식회사 피앤케이네트웍스,"11,006,270","10,005,700","1,000,570",판교아이스퀘어 25년03월 주차용역비청구,,,,
2025-03-31,주식회사 스마트피엔지,"770,000","700,000","70,000",장비대금 3월,03월 31일,,,
2025-04-05,주식회사 케이티,"52,159","47,418","4,741",IoT안심결제 110 (01255040286),,,,
2025-04-10,세무법인명성(홍익지점),"6,115,717","5,559,743","555,974",법인조정료,,,,
2025-04-11,조은커뮤니케이션,"27,500","25,000","2,500",프린터임대료,,,,
2025-04-15,비엔케이캐피탈(주),"567,400","515,818","51,582",장기차량렌탈↕Long-Term Vehicle [163호4224],,,,
2025-04-15,(주)아마존카,"507,100","461,000","46,100",15회차 대여료,,,,
2025-04-16,주식회사금강주택관리,"131,440","119,491","11,949",2025-3월관리비,,,,
2025-04-19,주식회사 좋은생각,"770,000","700,000","70,000",센트레힐스위트 807호 임대료,,,,
2025-04-24,주식회사썬통신,"3,795,000","3,450,000","345,000",디지털전용무전기(SL1M) *10,05월 26일,,,
2025-04-25,세무법인명성(홍익지점),"275,000","250,000","25,000",기장수수료,,,,
2025-04-30,제이비 주식회사,"9,814","8,922",892,도시가스요금,,,,
2025-04-30,제이비 주식회사,"3,129","2,845",284,도시가스요금,,,,
2025-04-30,제이비 주식회사,"51,032","46,393","4,639",도시가스요금,,,,
2025-04-30,제이비 주식회사,"22,068","20,062","2,006",도시가스요금,,,,
2025-04-30,제이비 주식회사,"45,463","41,330","4,133",도시가스요금,,,,
2025-04-30,제이비 주식회사,"29,866","27,151","2,715",도시가스요금,,,,
2025-04-30,주식회사 피앤케이네트웍스,"9,908,360","9,007,600","900,760",판교아이스퀘어 25년04월 주차용역비청구,,,,
2025-04-30,주식회사 스마트피엔지,"770,000","700,000","70,000",장비대금 4월,,,,
2025-05-01,성주이씨판윤공종회（가든타워 지점）,"660,000","600,000","60,000",임대료,,,,
2025-05-05,주식회사 케이티,"66,000","60,000","6,000",IoT안심결제 110 (01255040286),,,,
2025-05-06,성주이씨판윤공종회（가든타워 지점）,"660,000","600,000","60,000",임대료,,,,
2025-05-11,조은커뮤니케이션,"27,500","25,000","2,500",프린터임대료,,,,
2025-05-15,비엔케이캐피탈(주),"567,400","515,818","51,582",장기차량렌탈↕Long-Term Vehicle [163호4224],,,,
2025-05-15,(주)아마존카,"507,100","461,000","46,100",16회차 대여료,,,,
2025-05-16,주식회사금강주택관리,"131,510","119,555","11,955",2025-4월관리비,,,,
2025-05-19,주식회사 좋은생각,"770,000","700,000","70,000",센트레힐스위트 807호 임대료,,,,
2025-05-23,SK브로드밴드(주),"5,500","5,000",500,장비판매652641478409,,,,
2025-05-25,세무법인명성(홍익지점),"275,000","250,000","25,000",기장수수료,,,,
2025-05-27,SK브로드밴드(주),"5,500","5,000",500,장비판매652642987209,,,,
2025-05-30,(주)방배상사,"7,370","6,700",670,162호3211사고부품,,,,
2025-05-30,주식회사 스마트피엔지,"770,000","700,000","70,000",장비대금 5월,,,,
2025-05-31,제이비 주식회사,"56,600","51,455","5,145",도시가스요금,,,,
2025-05-31,제이비 주식회사,"9,813","8,921",892,도시가스요금,,,,
2025-05-31,제이비 주식회사,"44,346","40,315","4,031",도시가스요금,,,,
2025-05-31,제이비 주식회사,"24,294","22,086","2,208",도시가스요금,,,,
2025-05-31,제이비 주식회사,"22,067","20,061","2,006",도시가스요금,,,,
2025-05-31,제이비 주식회사,"2,015","1,832",183,도시가스요금,,,,
2025-05-31,주식회사 피앤케이네트웍스,"12,470,150","11,336,500","1,133,650",판교아이스퀘어 25년05월 주차용역비청구,,,,
2025-06-03,SK브로드밴드(주),"3,691","3,356",335,통신요금 UKEY-652641478409,,,,
2025-06-03,SK브로드밴드(주),"1,766","1,606",160,통신요금 UKEY-652642987209,,,,
2025-06-04,㈜엘지유플러스,"4,186","3,806",380,2025년 06월 서비스 이용료 매출,,,,
2025-06-04,에스케이 1급 자동차공업사,"369,953","336,321","33,632",162호3211수리비,,,,
2025-06-05,주식회사 케이티,"66,000","60,000","6,000",IoT안심결제 110 (01255040286),,,,
2025-06-06,성주이씨판윤공종회（가든타워 지점）,"660,000","600,000","60,000",임대료,,,,
2025-06-09,조은커뮤니케이션,"38,500","35,000","3,500",프린터임대료-다보스,,,,
2025-06-10,㈜오케이포스 본점,"275,000","250,000","25,000",(NCATCAT0127)NC-8000P(3인치)(유선)(NICE),,,,
2025-06-11,조은커뮤니케이션,"27,500","25,000","2,500",프린터임대료,,,,
2025-06-11,(주)미디어윌네트웍스,"15,400","14,000","1,400",알바천국 구인광고,,,,
2025-06-12,㈜오케이포스 본점,"-110,000","-100,000","-10,000",(NCATCAT0127)NC-8000P(3인치)(유선)(NICE),,,,
2025-06-15,(주)아마존카,"507,100","461,000","46,100",17회차 대여료,,,,
2025-06-17,주식회사금강주택관리,"127,570","115,973","11,597",2025-5월관리비,,,,
2025-06-19,주식회사 좋은생각,"770,000","700,000","70,000",센트레힐스위트 807호 임대료,,,,
2025-06-22,비엔케이캐피탈(주),"567,400","515,818","51,582",장기차량렌탈↕Long-Term Vehicle [163호4224],,,,
2025-06-25,세무법인명성(홍익지점),"275,000","250,000","25,000",기장수수료,,,,
2025-06-25,의료법인 영문의료재단 다보스병원,"1,650,000","1,500,000","150,000",06월 주차장 임대료,,,,
2025-06-26,주식회사 모닝상사,"15,400","14,000","1,400",마크,,,,
2025-06-30,제이비 주식회사,"46,456","42,233","4,223",도시가스요금,,,,
2025-06-30,제이비 주식회사,"8,679","7,890",789,도시가스요금,,,,
2025-06-30,제이비 주식회사,"52,011","47,283","4,728",도시가스요금,,,,
2025-06-30,제이비 주식회사,"20,901","19,001","1,900",도시가스요금,,,,
2025-06-30,제이비 주식회사,"5,346","4,860",486,도시가스요금,,,,
2025-06-30,제이비 주식회사,"4,235","3,850",385,도시가스요금,,,,
2025-06-30,샘물판매,"21,450","19,500","1,950",생수,,,,
2025-06-30,주식회사 피앤케이네트웍스,"11,006,270","10,005,700","1,000,570",판교아이스퀘어 25년06월 주차용역비청구,"박부장 대출금으로 차감 잔액: 38,993,730",,,
2025-06-30,의료법인 영문의료재단 다보스병원,"336,000","305,455","30,545",주차관리원 식대,,,,
2025-06-30,주식회사 스마트피엔지,"770,000","700,000","70,000",장비대금 6월,,,,
2025-07-03,SK브로드밴드(주),"3,300","3,000",300,통신요금 UKEY-652641478409,,,,
2025-07-03,SK브로드밴드(주),"3,428","3,117",311,통신요금 UKEY-652642987209,,,,
2025-07-04,㈜엘지유플러스,"16,500","15,000","1,500",2025년 07월 서비스 이용료 매출,,,,
2025-07-05,주식회사 케이티,"66,000","60,000","6,000",IoT안심결제 110 (01255040286),,,,
2025-07-05,주식회사 케이티,"6,966","6,333",633,IoT안심결제 110 (01255570455),,,,
2025-07-06,성주이씨판윤공종회（가든타워 지점）,"660,000","600,000","60,000",임대료,,,,
2025-07-09,조은커뮤니케이션,"38,500","35,000","3,500",프린터임대료,,,,
2025-07-11,조은커뮤니케이션,"27,500","25,000","2,500",프린터임대료,,,,
2025-07-15,비엔케이캐피탈(주),"437,200","397,455","39,745",장기차량렌탈 [163호4224],,,,
2025-07-15,(주)아마존카,"507,100","461,000","46,100",18회차 대여료,,,,
2025-07-16,나이스인프라 주식회사,"153,450,000","139,500,000","13,950,000",주차장비,,,,
2025-07-19,주식회사 좋은생각,"770,000","700,000","70,000",센트레힐스위트 807호 임대료,,,,
2025-07-21,주식회사금강주택관리,"141,410","128,555","12,855",2025-6월관리비,,,,
2025-07-25,나이스인프라 주식회사,"440,000","400,000","40,000",위탁용역료,,,,
2025-07-25,의료법인 영문의료재단 다보스병원,"1,650,000","1,500,000","150,000",07월 주차장 임대료,,,,
2025-07-25,세무법인명성(홍익지점),"275,000","250,000","25,000",기장수수료,,,,
2025-07-29,샘물판매,"21,450","19,500","1,950",생수,,,,
2025-07-31,제이비 주식회사,"76,728","69,753","6,975",도시가스요금,,,,
2025-07-31,제이비 주식회사,"119,009","108,190","10,819",도시가스요금,,,,
2025-07-31,제이비 주식회사,"22,206","20,188","2,018",도시가스요금,,,,
2025-07-31,제이비 주식회사,"13,305","12,096","1,209",도시가스요금,,,,
2025-07-31,제이비 주식회사,"53,362","48,511","4,851",도시가스요금,,,,
2025-07-31,제이비 주식회사,"4,404","4,004",400,도시가스요금,,,,
2025-07-31,주식회사 우림,"8,971,083","8,155,530","815,553",여의도 메리어트,08월 08일,,,
2025-07-31,주식회사 우림,"94,697,240","86,088,400","8,608,840",인스파이어 베딩,08월 13일,,,
2025-07-31,의료법인 영문의료재단 다보스병원,"384,000","349,091","34,909",07월 주차관리원 식대,,,,
2025-07-31,주식회사 피앤케이네트웍스,"9,908,360","9,007,600","900,760",판교아이스퀘어 25년07월 주차용역비청구,08월 11일,,,
2025-07-31,주식회사 스마트피엔지,"770,000","700,000","70,000",장비대금 7월,,,,
2025-08-03,주식회사 우림,"14,919,432","13,563,120","1,356,312",일산 소노캄,08월 13일,,,
2025-08-03,SK브로드밴드(주),"11,920","10,837","1,083",통신요금 UKEY-652642987209,,,,
2025-08-03,SK브로드밴드(주),"8,800","8,000",800,통신요금 UKEY-652641478409,,,,
2025-08-04,㈜엘지유플러스,"95,419","86,745","8,674",2025년 08월 서비스 이용료 매출,,,,
2025-08-05,주식회사 케이티,"66,000","60,000","6,000",IoT안심결제 110 (01255040286),,,,
2025-08-05,주식회사 케이티,"11,000","10,000","1,000",IoT안심결제 110 (01255570455),,,,
2025-08-06,성주이씨판윤공종회（가든타워 지점）,"660,000","600,000","60,000",임대료,,,,
2025-08-09,조은커뮤니케이션,"38,500","35,000","3,500",프린터임대료,,,,
2025-08-11,조은커뮤니케이션,"27,500","25,000","2,500",프린터임대료,,,,
2025-08-11,주식회사 우림,"19,361,920","17,601,746","1,760,174",소노캄 3~10일까지 인건비,08월 13일,,,
2025-08-15,비엔케이캐피탈(주),"437,200","397,455","39,745",장기차량렌탈↕Long-Term Vehicle [163호4224],,,,
2025-08-15,(주)아마존카,"507,100","461,000","46,100",19회차 대여료,,,,
2025-08-18,주식회사금강주택관리,"189,990","172,718","17,272",2025-7월관리비,,,,
2025-08-18,주식회사 우림,"17,595,182","15,995,620","1,599,562",소노캄11~17일력비,"8/22 1200만원 이체, 잔액 5,595,182는 가지급급상계 하려다가 10/24에 이체하고 완료",,,
2025-08-19,주식회사 좋은생각,"770,000","700,000","70,000",센트레힐스위트 807호 임대료,,,,
2025-08-25,나이스인프라 주식회사,"440,000","400,000","40,000",위탁용역료,,,,
2025-08-25,세무법인명성(홍익지점),"275,000","250,000","25,000",기장수수료,,,,
2025-08-25,주식회사 우림,"15,039,310","13,672,100","1,367,210",일산소노캄,08월 29일,,,
2025-08-25,의료법인 영문의료재단 다보스병원,"1,650,000","1,500,000","150,000",08월 주차장 임대료,,,,
2025-08-26,샘물판매,"21,450","19,500","1,950",생수,,,,
2025-08-29,주식회사 스마트피엔지,"770,000","700,000","70,000",장비대금 8월,,,,
8/31/2025,제이비 주식회사,"1,100","1,000",100,도시가스요금,,,,
8/31/2025,제이비 주식회사,"15,576","14,160","1,416",도시가스요금,,,,
8/31/2025,제이비 주식회사,"12,235","11,123","1,112",도시가스요금,,,,
8/31/2025,제이비 주식회사,"13,348","12,135","1,213",도시가스요금,,,,
8/31/2025,제이비 주식회사,"25,598","23,271","2,327",도시가스요금,,,,
8/31/2025,제이비 주식회사,"3,326","3,024",302,도시가스요금,,,,
8/31/2025,주식회사 피앤케이네트웍스,"11,006,270","10,005,700","1,000,570",판교아이스퀘어 25년08월 주차용역비청구 ,,,,
2025-08-31,메이츠소프트 주식회사,"8,800,000","8,000,000","800,000",나이스파크 주차등록시스템 연동 개발 ,,,,
2025-08-31,의료법인 영문의료재단 다보스병원,"504,000","458,182","45,818",08월 주차관리원 식대,,,,
2025-09-01,주식회사 우림,"126,737,600","115,216,000","11,521,600",인스파이어 코디,09월 12일,,,
2025-09-03,SK브로드밴드(주),"11,486","10,442","1,044",통신요금 UKEY-652642987209,,,,
2025-09-03,SK브로드밴드(주),"8,800","8,000",800,통신요금 UKEY-652641478409,,,,
2025-09-04,㈜엘지유플러스,"99,000","90,000","9,000",2025년 09월 서비스 이용료 매출,,,,
2025-09-05,주식회사 케이티,"66,000","60,000","6,000",IoT안심결제 110 (01255040286),,,,
2025-09-05,주식회사 케이티,"11,000","10,000","1,000",IoT안심결제 110 (01255570455),,,,
2025-09-06,성주이씨판윤공종회（가든타워 지점）,"660,000","600,000","60,000",임대료,,,,
2025-09-08,주식회사 우림,"11,954,580","10,867,800","1,086,780",일산 소노캄,09월 12일,,,
2025-09-09,조은커뮤니케이션,"38,500","35,000","3,500",프린터임대료,,,,
2025-09-10,주식회사 우림,"29,394,200","26,722,000","2,672,200",천안 소노벨,09월 12일,,,
2025-09-11,조은커뮤니케이션,"27,500","25,000","2,500",프린터임대료,,,,
2025-09-12,청소원,"1,540,000","1,400,000","140,000",7개동 계단 및 복도 바닥면,10월 13일,,,
2025-09-14,주식회사 우림,"17,659,730","16,054,300","1,605,430",소노캄,09월 26일,,,
2025-09-15,주식회사 우림,"23,157,860","21,052,600","2,105,260",천안 소노벨,09월 19일,,,
2025-09-15,비엔케이캐피탈(주),"437,200","397,455","39,745",장기차량렌탈↕Long-Term Vehicle [163호4224],,,,
2025-09-15,(주)아마존카,"507,100","461,000","46,100",20회차 대여료,,,,
2025-09-15,민건축,"220,000","200,000","20,000",다보스병원 주차관제실 에어콘 설치비,,,,
2025-09-15,클린상사,"990,000","900,000","90,000",탑승식청소차 작업대행 2일,10월 13일,,,
2025-09-17,주식회사 우림,"51,608,370","46,916,700","4,691,670",인스파이어 베딩,인건비는 지급안할거고 부가세랑 수수료는 사후정산예정,,,
2025-09-17,주식회사 우림,"-51,608,370","-46,916,700","-4,691,670",인스파이어 베딩,10/20에 취소,,,
2025-09-18,주식회사금강주택관리,"189,330","172,118","17,212",2025-8월관리비,,,,
2025-09-19,주식회사 좋은생각,"770,000","700,000","70,000",센트레힐스위트 807호 임대료,,,,
2025-09-25,세무법인명성(홍익지점),"275,000","250,000","25,000",기장수수료,,,,
2025-09-25,나이스인프라 주식회사,"440,000","400,000","40,000",위탁용역료,,,,
2025-09-25,의료법인 영문의료재단 다보스병원,"1,650,000","1,500,000","150,000",09월 주차장 임대료,,,,
2025-09-26,주식회사 우림,"14,730,034","13,390,940","1,339,094",소노캄,10월 02일,,,
2025-09-26,주식회사 우림,"28,644,000","26,040,000","2,604,000",천안 소노벨,09월 26일,,,
2025-09-29,주식회사 우림,"29,781,400","27,074,000","2,707,400",천안 소노벨,10월 02일,,,
2025-09-29,주식회사 우림,"18,196,706","16,542,460","1,654,246",일산 소노캄,10월 17일,,,
2025-09-30,제이비 주식회사,"1,100","1,000",100,도시가스요금,,,,
2025-09-30,제이비 주식회사,"5,560","5,055",505,도시가스요금,,,,
2025-09-30,제이비 주식회사,"13,367","12,152","1,215",도시가스요금,,,,
2025-09-30,제이비 주식회사,"13,367","12,152","1,215",도시가스요금,,,,
2025-09-30,제이비 주식회사,"33,441","30,401","3,040",도시가스요금,,,,
2025-09-30,제이비 주식회사,"5,560","5,055",505,도시가스요금,,,,
2025-09-30,의료법인 영문의료재단 다보스병원,"564,000","512,727","51,273",09월 주차관리원 식대,,,,
2025-09-30,샘물판매,"21,450","19,500","1,950",생수,,,,
2025-09-30,주식회사 피앤케이네트웍스,"9,908,360","9,007,600","900,760",판교아이스퀘어 25년09월 주차용역비청구,,,,
9/30/2025,주식회사 우림,"35,895,200","32,632,000","3,263,200",천안 소노벨,09월 08일,8/31에 발행했다가 수정발행,,
2025-10-03,SK브로드밴드(주),"10,382","9,439",943,통신요금 UKEY-652642987209,,,,
2025-10-03,SK브로드밴드(주),"8,800","8,000",800,통신요금 UKEY-652641478409,,,,
2025-10-04,㈜엘지유플러스,"99,000","90,000","9,000",2025년 10월 서비스 이용료 매출,,,,
2025-10-05,주식회사 케이티,"66,000","60,000","6,000",IoT안심결제 110 (01255040286),,,,
2025-10-05,주식회사 케이티,"11,000","10,000","1,000",IoT안심결제 110 (01255570455),,,,
2025-10-06,주식회사 우림,"7,325,274","6,659,340","665,934",소노캄,10월 10일,,,
2025-10-09,조은커뮤니케이션,"38,500","35,000","3,500",프린터임대료,,,,
10/10/2025,주식회사 우림,"22,550,000","20,500,000","2,050,000",천안 소노벨,10월 15일,,,
2025-10-11,조은커뮤니케이션,"27,500","25,000","2,500",프린터임대료,,,,
2025-10-13,주식회사 우림,"12,510,922","11,373,566","1,137,356",소노캄,10월 17일,,,
2025-10-13,주식회사 우림,"37,572,700","34,157,000","3,415,700",천안 소노벨,10월 17일,,,
2025-10-15,비엔케이캐피탈(주),"437,200","397,455","39,745",장기차량렌탈↕Long-Term Vehicle [163호4224],,,,
2025-10-15,(주)아마존카,"507,100","461,000","46,100",21회차 대여료,,,,
2025-10-17,주식회사금강주택관리,"205,080","186,436","18,644",2025-9월관리비,,,,
2025-10-19,주식회사 좋은생각,"770,000","700,000","70,000",센트레힐스위트 807호 임대료,,,,
2025-10-20,주식회사 우림,"21,073,800","19,158,000","1,915,800",천안 소노벨,10월 24일,,,
2025-10-20,주식회사 우림,"10,908,590","9,916,900","991,690",소노캄,10월 24일,,,
2025-10-21,주식회사 새롬소프트,"3,300,000","3,000,000","300,000",주차시스템 연동개발 프로그램(다보스병원),01월 12일,,,
2025-10-25,세무법인명성(홍익지점),"275,000","250,000","25,000",기장수수료,,,,
2025-10-25,나이스인프라 주식회사,"440,000","400,000","40,000",위탁용역료,,,,
2025-10-25,의료법인 영문의료재단 다보스병원,"1,650,000","1,500,000","150,000",10월 주차장 임대료,,,,
2025-10-27,주식회사 우림,"23,075,822","20,978,020","2,097,802",일산 소노캄,10월 31일,,,
2025-10-27,주식회사 우림,"26,690,400","24,264,000","2,426,400",천안 소노벨,10월 31일,,,
2025-10-28,샘물판매,"21,450","19,500","1,950",생수,,,,
2025-10-31,제이비 주식회사,"12,326","11,206","1,120",도시가스요금,,,,
2025-10-31,제이비 주식회사,"13,459","12,236","1,223",도시가스요금,,,,
2025-10-31,제이비 주식회사,"24,697","22,452","2,245",도시가스요금,,,,
2025-10-31,제이비 주식회사,"4,470","4,064",406,도시가스요금,,,,
2025-10-31,제이비 주식회사,"48,294","43,904","4,390",도시가스요금,,,,
2025-10-31,제이비 주식회사,"40,428","36,753","3,675",도시가스요금,,,,
2025-10-31,제이비 주식회사,"76,376","69,433","6,943",도시가스요금,,,,
2025-10-31,주식회사 우림,"25,290,694","22,991,540","2,299,154",일산 소노캄,11월 10일,,,
2025-10-31,주식회사 우림,"37,192,100","33,811,000","3,381,100",천안 소노벨,11월 07일,,,
2025-10-31,의료법인 영문의료재단 다보스병원,"582,000","529,091","52,909",10월 주차관리원 식대,,,,
2025-10-31,주식회사 피앤케이네트웍스,"11,738,210","10,671,100","1,067,110",판교아이스퀘어 25년10월 주차용역비청구,,,,
2025-11-01,성주이씨판윤공종회（가든타워 지점）,"660,000","600,000","60,000",임대료,,,,
2025-11-03,SK브로드밴드(주),"8,800","8,000",800,통신요금 UKEY-652641478409,,,,
2025-11-03,SK브로드밴드(주),"11,257","10,234","1,023",통신요금 UKEY-652642987209,,,,
2025-11-04,㈜엘지유플러스,"99,000","90,000","9,000",2025년 11월 서비스 이용료 매출,,,,
2025-11-05,주식회사 케이티,"11,000","10,000","1,000",IoT안심결제 110 (01255570455),,,,
2025-11-05,주식회사 케이티,"66,000","60,000","6,000",IoT안심결제 110 (01255040286),,,,
2025-11-06,성주이씨판윤공종회（가든타워 지점）,"660,000","600,000","60,000",임대료,,,,
2025-11-09,조은커뮤니케이션,"38,500","35,000","3,500",프린터임대료,,,,
2025-11-10,주식회사 모닝상사,"99,550","90,500","9,050",▶휴먼엠에스,,,,
2025-11-11,조은커뮤니케이션,"27,500","25,000","2,500",프린터임대료,,,,
2025-11-15,비엔케이캐피탈(주),"437,200","397,455","39,745",장기차량렌탈↕Long-Term Vehicle [163호4224],,,,
2025-11-15,(주)아마존카,"507,100","461,000","46,100",22회차 대여료,,,,
2025-11-17,주식회사금강주택관리,"138,000","125,455","12,545",2025-10월관리비,,,,
11/19/2025,주식회사 좋은생각,"770,000","700,000","70,000",센트레힐스위트 807호 임대료,,,,
2025-11-20,주식회사 모닝상사,"3,850","3,500",350,▶휴먼엠에스,,,,
2025-11-25,세무법인명성(홍익지점),"275,000","250,000","25,000",기장수수료,,,,
2025-11-25,나이스인프라 주식회사,"440,000","400,000","40,000",위탁용역료,,,,
2025-11-25,의료법인 영문의료재단 다보스병원,"1,650,000","1,500,000","150,000",11월 주차장 임대료,12월 10일,,,
2025-11-26,주식회사 모닝상사,"48,400","44,000","4,400",▶휴먼엠에스,,,,
2025-11-27,샘물판매,"21,450","19,500","1,950",생수,,,,
2025-11-30,제이비 주식회사,"50,492","45,902","4,590",도시가스요금,,,,
2025-11-30,제이비 주식회사,"40,388","36,717","3,671",도시가스요금,,,,
2025-11-30,제이비 주식회사,"54,982","49,984","4,998",도시가스요금,,,,
2025-11-30,제이비 주식회사,"40,388","36,717","3,671",도시가스요금,,,,
2025-11-30,제이비 주식회사,"53,859","48,963","4,896",도시가스요금,,,,
2025-11-30,제이비 주식회사,"6,712","6,102",610,도시가스요금,,,,
2025-11-30,의료법인 영문의료재단 다보스병원,"774,000","703,637","70,363",11월 주차관리원 식대,12월 05일,,,
2025-11-30,주식회사 피앤케이네트웍스,"10,640,300","9,673,000","967,300",판교아이스퀘어 25년11월 주차용역비청구,,,,
2025-12-03,SK브로드밴드(주),"8,800","8,000",800,통신요금 UKEY-652641478409,,,,
2025-12-03,SK브로드밴드(주),"11,640","10,582","1,058",통신요금 UKEY-652642987209,,,,
2025-12-04,㈜엘지유플러스,"99,000","90,000","9,000",2025년 12월 서비스 이용료 매출,,,,
2025-12-05,주식회사 케이티,"66,000","60,000","6,000",IoT안심결제 110 (01255040286),,,,
2025-12-05,주식회사 케이티,"11,000","10,000","1,000",IoT안심결제 110 (01255570455),,,,
2025-12-06,성주이씨판윤공종회（가든타워 지점）,"660,000","600,000","60,000",임대료,,,,
2025-12-09,조은커뮤니케이션,"38,500","35,000","3,500",프린터임대료,,,,
2025-12-11,조은커뮤니케이션,"27,500","25,000","2,500",프린터임대료,,,,
2025-12-15,비엔케이캐피탈(주),"437,200","397,455","39,745",장기차량렌탈↕Long-Term Vehicle [163호4224],,,,
2025-12-15,(주)아마존카,"507,100","461,000","46,100",23회차 대여료,,,,
2025-12-16,주식회사금강주택관리,"135,450","123,136","12,314",2025-11월관리비,,,,
2025-12-17,태디(주),"330,000","300,000","30,000",철재배너 (거치대+인쇄물),,,,
2025-12-18,잡코리아 유한책임회사,"10,100,000","9,181,818","918,182",[알바몬] 계약매출,,,,
2025-12-19,주식회사 좋은생각,"770,000","700,000","70,000",센트레힐스위트 807호 임대료,,,,
2025-12-25,세무법인명성(홍익지점),"275,000","250,000","25,000",기장수수료,,,,
2025-12-25,나이스인프라 주식회사,"440,000","400,000","40,000",위탁용역료,,,,
2025-12-25,의료법인 영문의료재단 다보스병원,"1,650,000","1,500,000","150,000",12월 주차장 임대료,,,,
2025-12-30,샘물판매,"28,600","26,000","2,600",생수,,,,
2025-12-31,제이비 주식회사,"65,833","59,849","5,984",도시가스요금,,,,
2025-12-31,제이비 주식회사,"52,440","47,673","4,767",도시가스요금,,,,
2025-12-31,제이비 주식회사,"124,987","113,625","11,362",도시가스요금,,,,
2025-12-31,제이비 주식회사,"121,639","110,581","11,058",도시가스요금,,,,
2025-12-31,제이비 주식회사,"87,039","79,127","7,912",도시가스요금,,,,
2025-12-31,제이비 주식회사,"5,563","5,058",505,도시가스요금,,,,
2025-12-31,의료법인 영문의료재단 다보스병원,"678,000","616,364","61,636",12월 주차관리원 식대,2025년,,,
2025-12-31,주식회사 피앤케이네트웍스,"14,967,561","13,606,874","1,360,687",판교아이스퀘어 25년12월 주차용역비청구,합계금액,공급가액,세액,
,,,,,,"1,706,070,976","1,550,973,653","155,097,323",
2026-01-03,SK브로드밴드(주),"8,800","8,000",800,통신요금 UKEY-652641478409,,,,
2026-01-03,SK브로드밴드(주),"11,326","10,297","1,029",통신요금 UKEY-652642987209,,,,
2026-01-04,㈜엘지유플러스,"99,000","90,000","9,000",2026년 01월 서비스 이용료 매출,,,,
2026-01-05,주식회사 우림,"7,353,918","6,685,380","668,538",일산 소노캄 인력관리비,01월 09일,,,
2026-01-05,주식회사 우림,"48,462,700","44,057,000","4,405,700",천안 소노벨 인력관리비,01월 09일,,,
2026-01-05,주식회사 케이티,"66,000","60,000","6,000",IoT안심결제 110 (01255040286),,,,
2026-01-05,주식회사 케이티,"11,000","10,000","1,000",IoT안심결제 110 (01255570455),,,,
2026-01-09,조은커뮤니케이션,"38,500","35,000","3,500",프린터임대료,,,,
2026-01-11,조은커뮤니케이션,"27,500","25,000","2,500",프린터임대료,,,,
2026-01-15,비엔케이캐피탈(주),"437,200","397,455","39,745",장기차량렌탈↕Long-Term Vehicle [163호4224],,,,
2026-01-15,(주)아마존카,"507,100","461,000","46,100",24회차 대여료,,,,
2026-01-19,주식회사금강주택관리,"129,630","117,845","11,785",2025-12월관리비,,,,
2026-01-25,나이스인프라 주식회사,"440,000","400,000","40,000",위탁용역료,,,,
2026-01-25,의료법인 영문의료재단 다보스병원,"1,650,000","1,500,000","150,000",01월 주차장 임대료,,,,
2026-01-25,세무법인명성(홍익지점),"275,000","250,000","25,000",기장수수료,,,,
2026-01-26,주식회사 우림,"34,214,400","31,104,000","3,110,400",소노벨 1월 12일,"두건합쳐서 1/26 우리에서 4000만원, 기업에서 잔금28,483,800원 이체",,,
2026-01-26,주식회사 우림,"34,269,400","31,154,000","3,115,400",소노벨 1월5일,"두건합쳐서 1/26 우리에서 4000만원, 기업에서 잔금28,483,800원 이체",,,
2026-01-26,주식회사 우림,"3,578,102","3,252,820","325,282",소노캄 고양_1월12일~8일,01월 26일,,,
2026-01-27,샘물판매,"21,450","19,500","1,950",생수,,,,
2026-01-30,주식회사 우림,"4,294,290","3,903,900","390,390",소노캄 1월 26일,02월 04일,,,
2026-01-30,주식회사 우림,"36,357,200","33,052,000","3,305,200",소노벨 1월 26일,01월 30일,,,
2026-01-31,주식회사 우림,"9,747,612","8,861,466","886,146",소노캄 인력관리비,02월 10일,,,
2026-01-31,주식회사 우림,"31,147,600","28,316,000","2,831,600",천안 소노벨 인력관리비,02월 06일,,,
2026-01-31,제이비 주식회사,"82,610","75,100","7,510",도시가스요금,,,,
2026-01-31,제이비 주식회사,"62,511","56,829","5,682",도시가스요금,,,,
2026-01-31,제이비 주식회사,"151,838","138,035","13,803",도시가스요금,,,,
2026-01-31,제이비 주식회사,"184,219","167,472","16,747",도시가스요금,,,,
2026-01-31,제이비 주식회사,"10,032","9,120",912,도시가스요금,,,,
2026-01-31,제이비 주식회사,"5,566","5,060",506,도시가스요금,,,,
2026-01-31,의료법인 영문의료재단 다보스병원,"432,000","392,728","39,272",2026년 01월 주차관리원 식대,,,,
2026-02-02,법무사 양근형 사무소,"220,000","200,000","20,000",수수료,,,,
2026-02-03,SK브로드밴드(주),"8,800","8,000",800,통신요금 UKEY-652641478409,,,,
2026-02-03,SK브로드밴드(주),"11,332","10,302","1,030",통신요금 UKEY-652642987209,,,,
2/4/2026,㈜엘지유플러스,"99,000","90,000","9,000",2026년 02월 서비스 이용료 매출,,,,
2026-02-05,주식회사 케이티,"11,000","10,000","1,000",IoT안심결제 110 (01255570455),,,,
2026-02-05,주식회사 케이티,"66,000","60,000","6,000",IoT안심결제 110 (01255040286),,,,
2026-02-09,조은커뮤니케이션,"38,500","35,000","3,500",프린터임대료,,,,
2026-02-09,주식회사 우림,"14,053,424","12,775,840","1,277,584",소노캄 인력관리비,02월 13일,,,
2026-02-09,주식회사 우림,"36,242,250","32,947,500","3,294,750",소노벨 인력관리비,02월 13일,,,
2026-02-11,조은커뮤니케이션,"27,500","25,000","2,500",프린터임대료,,,,
2026-02-15,비엔케이캐피탈(주),"437,200","397,455","39,745",장기차량렌탈↕Long-Term Vehicle [163호4224],,,,
2026-02-15,(주)아마존카,"507,100","461,000","46,100",25회차 대여료,,,,
2026-02-16,주식회사 우림,"29,642,140","26,947,400","2,694,740",천안 소노벨 인력관리비,02월 23일,,,
2026-02-16,주식회사 우림,"7,653,140","6,957,400","695,740",소노캄 인력관리비,02월 23일,,,
2026-02-19,주식회사 스마트피엔지,"1,375,658","1,250,598","125,060",장비대금,,,,
2026-02-20,주식회사금강주택관리,"75,580","68,709","6,871",2026-1월관리비,,,,
2026-02-23,주식회사 우림,"14,790,050","13,445,500","1,344,550",소노캄 인력관리비,03월 04일,,,
2026-02-23,주식회사 우림,"57,895,200","52,632,000","5,263,200",천안 소노벨 인력관리비,03월 13일,,,
2026-02-24,샘물판매,"21,450","19,500","1,950",생수,,,,
2026-02-24,태디(주),"170,500","155,000","15,500",철재배너 (거치대+인쇄물),,,,
2026-02-25,세무법인명성(홍익지점),"275,000","250,000","25,000",기장수수료,,,,
2026-02-25,나이스인프라 주식회사,"440,000","400,000","40,000",위탁용역료,,,,
2026-02-25,의료법인 영문의료재단 다보스병원,"1,650,000","1,500,000","150,000",02월 주차장 임대료,,,,
2026-02-28,제이비 주식회사,"59,451","54,047","5,404",도시가스요금,,,,
2026-02-28,제이비 주식회사,"67,306","61,188","6,118",도시가스요금,,,,
2026-02-28,제이비 주식회사,"1,100","1,000",100,도시가스요금,,,,
2026-02-28,제이비 주식회사,"185,134","168,304","16,830",도시가스요금,,,,
2026-02-28,제이비 주식회사,"12,321","11,201","1,120",도시가스요금,,,,
2026-02-28,제이비 주식회사,"6,710","6,100",610,도시가스요금,,,,
2026-02-28,나이스인프라 주식회사,"29,700,000","27,000,000","2,700,000",나이스파크주차장비세트,,,,
2026-02-28,주식회사 우림,"7,041,936","6,401,760","640,176",소노캄 인력관리비,"3/11 500이체, 3/13 잔액 2,041,936 입금완료",,,
2026-02-28,주식회사 우림,"42,332,730","38,484,300","3,848,430",천안 소노벨 인력관리비,03월 13일,,,
2026-02-28,의료법인 영문의료재단 다보스병원,"312,000","283,636","28,364",02월 주차관리원 식대,,,,
2026-03-04,참컨설팅,"2,640,000","2,400,000","240,000",진로제시컨설팅,,,,
2026-03-09,조은커뮤니케이션,"38,500","35,000","3,500",프린터임대료,,,,
2026-03-09,주식회사 우림,"21,143,100","19,221,000","1,922,100",천안 소노벨 인력관리비,03월 13일,,,
2026-03-09,주식회사 우림,"8,085,660","7,350,600","735,060",소노캄 인력관리비,03월 13일,,,
3/11/2026,조은커뮤니케이션,"27,500","25,000","2,500",프린터임대료,,,,
2026-03-12,성주이씨판윤공종회（가든타워 지점）,"660,000","600,000","60,000",1월 임대료,,,,
2026-03-12,성주이씨판윤공종회（가든타워 지점）,"660,000","600,000","60,000",2월 임대료,,,,
2026-03-15,비엔케이캐피탈(주),"437,200","397,455","39,745",장기차량렌탈↕Long-Term Vehicle [163호4224],,,,
2026-03-15,(주)아마존카,"507,100","461,000","46,100",26회차 대여료,,,,
2026-03-16,주식회사 우림,"5,550,380","5,045,800","504,580",소노캄 인력관리비,03월 25일,,,
3/25/2026,의료법인 영문의료재단 다보스병원,"1,650,000","1,500,000","150,000",03월 주차장 임대료,,,,
,,,,,,,,,
,,,,,,,,,
,,,,,,,,,
,,,,,,,,,
,,,,,,,,,
,,,,,,,,,
,,,,,,,,,
,,,,,,,,,
,,,,,,,,,
,,,,,,,,,
,,,,,,,,,
,,,,,,,,,
,,,,,,,,,
,,,,,,,,,
,,,,,,,,,
,,,,,,,,,
,,,,,,,,,
,,,,,,,,,
,,,,,,,,,
,,,,,,,,,
,,,,,,,,,
,,,,,,,,,
,,,,,,,,,
,,,,,,,,,
,,,,,,,,,
,,,,,,,,,
,,,,,,,,,
,,,,,,,,,
,,,,,,,,,
,,,,,,,,,
,,,,,,,,,
,,,,,,,,,
,,,,,,,,,
,,,,,,,,,
,,,,,,,,,
,,,,,,,,,
,,,,,,,,,
,,,,,,,,,
,,,,,,,,,
,,,,,,,,,
,,,,,,,,,
,,,,,,,,,
,,,,,,,,,
,,,,,,,,,
,,,,,,,,,
,,,,,,,,,
